,Time,Country,Old to Working Age Dependency Ratio
0,1950,Afghanistan,5.073549709199925
1,1951,Afghanistan,5.084456430844033
2,1952,Afghanistan,5.0895470086939785
3,1953,Afghanistan,5.094378928629433
4,1954,Afghanistan,5.098170602590671
5,1955,Afghanistan,5.100505687868151
6,1956,Afghanistan,5.103840524176063
7,1957,Afghanistan,5.108137945760565
8,1958,Afghanistan,5.1151072308407155
9,1959,Afghanistan,5.11486766939951
10,1960,Afghanistan,5.100901063062719
11,1961,Afghanistan,5.078077667406751
12,1962,Afghanistan,5.049548424261952
13,1963,Afghanistan,5.022020415827387
14,1964,Afghanistan,4.999719129961471
15,1965,Afghanistan,4.9852874722326606
16,1966,Afghanistan,4.979162400498944
17,1967,Afghanistan,4.976930264056085
18,1968,Afghanistan,4.976000676766393
19,1969,Afghanistan,4.974508196619751
20,1970,Afghanistan,4.97039199589738
21,1971,Afghanistan,4.967773346165502
22,1972,Afghanistan,4.965025164362958
23,1973,Afghanistan,4.959390582640663
24,1974,Afghanistan,4.956236762303506
25,1975,Afghanistan,4.956795799126774
26,1976,Afghanistan,4.962235264451731
27,1977,Afghanistan,4.965320198357199
28,1978,Afghanistan,4.956994045833824
29,1979,Afghanistan,4.9347880313000765
30,1980,Afghanistan,4.901787678145627
31,1981,Afghanistan,4.865830321294432
32,1982,Afghanistan,4.8155188375648015
33,1983,Afghanistan,4.755125968332482
34,1984,Afghanistan,4.6747664930031725
35,1985,Afghanistan,4.576101267565636
36,1986,Afghanistan,4.508381475196975
37,1987,Afghanistan,4.473852846409836
38,1988,Afghanistan,4.457402333201466
39,1989,Afghanistan,4.462209007883193
40,1990,Afghanistan,4.468221457557414
41,1991,Afghanistan,4.482376714164958
42,1992,Afghanistan,4.514652998918039
43,1993,Afghanistan,4.55441714690253
44,1994,Afghanistan,4.593353536230081
45,1995,Afghanistan,4.628650921231606
46,1996,Afghanistan,4.663247679653448
47,1997,Afghanistan,4.693863584878072
48,1998,Afghanistan,4.718487518536476
49,1999,Afghanistan,4.741472415705627
50,2000,Afghanistan,4.760319327251797
51,2001,Afghanistan,4.775097883907343
52,2002,Afghanistan,4.791608909985509
53,2003,Afghanistan,4.804543204697036
54,2004,Afghanistan,4.806580372041664
55,2005,Afghanistan,4.78196430833589
56,2006,Afghanistan,4.750414946213604
57,2007,Afghanistan,4.80367699689668
58,2008,Afghanistan,4.84938460141916
59,2009,Afghanistan,4.830453518893469
60,2010,Afghanistan,4.834734029305758
61,2011,Afghanistan,4.8091522741052755
62,2012,Afghanistan,4.76723400785473
63,2013,Afghanistan,4.737487625049845
64,2014,Afghanistan,4.69079990250444
65,2015,Afghanistan,4.644245638007497
66,2016,Afghanistan,4.606350886700886
67,2017,Afghanistan,4.5726866095477074
68,2018,Afghanistan,4.551607151541069
69,2019,Afghanistan,4.536898608427932
70,2020,Afghanistan,4.494555006056462
71,2021,Afghanistan,4.437874024231949
72,2022,Afghanistan,4.395297923325643
73,2023,Afghanistan,4.373905973365697
74,2024,Afghanistan,4.380925787749308
75,2025,Afghanistan,4.407218069217127
76,2026,Afghanistan,4.445344700580325
77,2027,Afghanistan,4.485623870832824
78,2028,Afghanistan,4.527561426021818
79,2029,Afghanistan,4.573941238898318
80,2030,Afghanistan,4.624038552042099
81,2031,Afghanistan,4.67985430064054
82,2032,Afghanistan,4.743272039566918
83,2033,Afghanistan,4.812390462220082
84,2034,Afghanistan,4.886595225032296
85,2035,Afghanistan,4.964743490589117
86,2036,Afghanistan,5.04573175678882
87,2037,Afghanistan,5.130140908352831
88,2038,Afghanistan,5.2187076572673154
89,2039,Afghanistan,5.311821109022731
90,2040,Afghanistan,5.408348382093539
91,2041,Afghanistan,5.506359069353656
92,2042,Afghanistan,5.606057956733234
93,2043,Afghanistan,5.706929363990642
94,2044,Afghanistan,5.8084197090479535
95,2045,Afghanistan,5.910002230776764
96,2046,Afghanistan,6.011042401299632
97,2047,Afghanistan,6.111727247761706
98,2048,Afghanistan,6.214200723795276
99,2049,Afghanistan,6.322271952086061
100,2050,Afghanistan,6.442240502395757
101,2051,Afghanistan,6.579638865808657
102,2052,Afghanistan,6.733553883180443
103,2053,Afghanistan,6.90374918174045
104,2054,Afghanistan,7.091262303753193
105,2055,Afghanistan,7.296504867086487
106,2056,Afghanistan,7.52173891474416
107,2057,Afghanistan,7.767636958897817
108,2058,Afghanistan,8.032995560069338
109,2059,Afghanistan,8.316784694837072
110,2060,Afghanistan,8.615757532352621
111,2061,Afghanistan,8.92625202351105
112,2062,Afghanistan,9.24510785157481
113,2063,Afghanistan,9.570640245835579
114,2064,Afghanistan,9.904180546473475
115,2065,Afghanistan,10.244823730085018
116,2066,Afghanistan,10.591818241174057
117,2067,Afghanistan,10.945347339752951
118,2068,Afghanistan,11.302749217543504
119,2069,Afghanistan,11.659865760822791
120,2070,Afghanistan,12.012769270192575
121,2071,Afghanistan,12.372969877040045
122,2072,Afghanistan,12.743853444712084
123,2073,Afghanistan,13.077925404096947
124,2074,Afghanistan,13.386208249170872
125,2075,Afghanistan,13.709584182301887
126,2076,Afghanistan,14.036460911691231
127,2077,Afghanistan,14.38733383447944
128,2078,Afghanistan,14.770849074523918
129,2079,Afghanistan,15.168688074010989
130,2080,Afghanistan,15.586335937091262
131,2081,Afghanistan,16.01232734077778
132,2082,Afghanistan,16.433857362921188
133,2083,Afghanistan,16.86252176840661
134,2084,Afghanistan,17.302593809974642
135,2085,Afghanistan,17.755209835721615
136,2086,Afghanistan,18.22868634966457
137,2087,Afghanistan,18.714135496661264
138,2088,Afghanistan,19.19848857669209
139,2089,Afghanistan,19.68035060756604
140,2090,Afghanistan,20.155264177064687
141,2091,Afghanistan,20.628747642739995
142,2092,Afghanistan,21.101151107512166
143,2093,Afghanistan,21.56723809882167
144,2094,Afghanistan,22.026833198750175
145,2095,Afghanistan,22.48218308843863
146,2096,Afghanistan,22.931748928095768
147,2097,Afghanistan,23.376140474407087
148,2098,Afghanistan,23.814856289400897
149,2099,Afghanistan,24.24602628116036
150,2100,Afghanistan,24.67315114589743
151,1950,Bangladesh,7.0895283455906055
152,1951,Bangladesh,6.746186042425646
153,1952,Bangladesh,6.434874342792561
154,1953,Bangladesh,6.168047503213522
155,1954,Bangladesh,5.950790249007849
156,1955,Bangladesh,5.781014518255501
157,1956,Bangladesh,5.655049642449842
158,1957,Bangladesh,5.571537012171816
159,1958,Bangladesh,5.530743715920748
160,1959,Bangladesh,5.51159420303318
161,1960,Bangladesh,5.497833837228573
162,1961,Bangladesh,5.497497675729416
163,1962,Bangladesh,5.5172036711902885
164,1963,Bangladesh,5.560879873569726
165,1964,Bangladesh,5.6259842886134255
166,1965,Bangladesh,5.695202899363408
167,1966,Bangladesh,5.769496197791604
168,1967,Bangladesh,5.852574290428343
169,1968,Bangladesh,5.935981422775531
170,1969,Bangladesh,6.020150804105483
171,1970,Bangladesh,6.086983721787789
172,1971,Bangladesh,6.009033112015418
173,1972,Bangladesh,5.951937623232621
174,1973,Bangladesh,6.041025637383528
175,1974,Bangladesh,6.122045378901739
176,1975,Bangladesh,6.206243364877981
177,1976,Bangladesh,6.305905579244155
178,1977,Bangladesh,6.410436536120569
179,1978,Bangladesh,6.507941333465992
180,1979,Bangladesh,6.595204505045553
181,1980,Bangladesh,6.669389956752872
182,1981,Bangladesh,6.721905760235678
183,1982,Bangladesh,6.748543801370347
184,1983,Bangladesh,6.753240780227955
185,1984,Bangladesh,6.746951465625166
186,1985,Bangladesh,6.73836681312557
187,1986,Bangladesh,6.723370088484719
188,1987,Bangladesh,6.696127475186973
189,1988,Bangladesh,6.651227437515711
190,1989,Bangladesh,6.585315941136022
191,1990,Bangladesh,6.514483544661903
192,1991,Bangladesh,6.4505300947491255
193,1992,Bangladesh,6.397153680790408
194,1993,Bangladesh,6.346056382060103
195,1994,Bangladesh,6.289658228206912
196,1995,Bangladesh,6.244868538527151
197,1996,Bangladesh,6.20319296342056
198,1997,Bangladesh,6.17724621602039
199,1998,Bangladesh,6.205908323437261
200,1999,Bangladesh,6.290149242062676
201,2000,Bangladesh,6.38198007953033
202,2001,Bangladesh,6.459783891319451
203,2002,Bangladesh,6.542726984804155
204,2003,Bangladesh,6.629414157208048
205,2004,Bangladesh,6.710389612576195
206,2005,Bangladesh,6.785064812979861
207,2006,Bangladesh,6.869661305427299
208,2007,Bangladesh,6.944921364006322
209,2008,Bangladesh,7.019254939222906
210,2009,Bangladesh,7.090802860273245
211,2010,Bangladesh,7.152549260643029
212,2011,Bangladesh,7.218446425441198
213,2012,Bangladesh,7.276724447180727
214,2013,Bangladesh,7.310519017627668
215,2014,Bangladesh,7.3304860381012915
216,2015,Bangladesh,7.396881964275108
217,2016,Bangladesh,7.514585187462819
218,2017,Bangladesh,7.671882219179441
219,2018,Bangladesh,7.879688788937994
220,2019,Bangladesh,8.125262825293834
221,2020,Bangladesh,8.35938917056639
222,2021,Bangladesh,8.604725759583463
223,2022,Bangladesh,8.890625609045252
224,2023,Bangladesh,9.186878647800825
225,2024,Bangladesh,9.491761207975454
226,2025,Bangladesh,9.80800912226034
227,2026,Bangladesh,10.135905652158641
228,2027,Bangladesh,10.47170671489251
229,2028,Bangladesh,10.808590592321016
230,2029,Bangladesh,11.147609554000391
231,2030,Bangladesh,11.496889642439964
232,2031,Bangladesh,11.869875953857747
233,2032,Bangladesh,12.283792069355668
234,2033,Bangladesh,12.731705221684898
235,2034,Bangladesh,13.196979965702418
236,2035,Bangladesh,13.677880295423813
237,2036,Bangladesh,14.17940679326725
238,2037,Bangladesh,14.7171436848639
239,2038,Bangladesh,15.273422149465157
240,2039,Bangladesh,15.82385677710365
241,2040,Bangladesh,16.374832345725682
242,2041,Bangladesh,16.93502965269281
243,2042,Bangladesh,17.515749104773715
244,2043,Bangladesh,18.11912354714969
245,2044,Bangladesh,18.74896156622089
246,2045,Bangladesh,19.408079264137402
247,2046,Bangladesh,20.096769796644747
248,2047,Bangladesh,20.82502981279393
249,2048,Bangladesh,21.571938419243168
250,2049,Bangladesh,22.324508521587163
251,2050,Bangladesh,23.098745171528286
252,2051,Bangladesh,23.892484648163208
253,2052,Bangladesh,24.70916850230104
254,2053,Bangladesh,25.547752892549845
255,2054,Bangladesh,26.417895593916057
256,2055,Bangladesh,27.319800376777536
257,2056,Bangladesh,28.220831708198858
258,2057,Bangladesh,29.11200500448421
259,2058,Bangladesh,30.0038447143785
260,2059,Bangladesh,30.926001311357986
261,2060,Bangladesh,31.8720567403451
262,2061,Bangladesh,32.82018275102139
263,2062,Bangladesh,33.81617365309942
264,2063,Bangladesh,34.863129458486156
265,2064,Bangladesh,35.93013108897875
266,2065,Bangladesh,37.024467350394524
267,2066,Bangladesh,38.14431541923572
268,2067,Bangladesh,39.27646791753056
269,2068,Bangladesh,40.409081815906475
270,2069,Bangladesh,41.52612754871792
271,2070,Bangladesh,42.59065332457637
272,2071,Bangladesh,43.58601252492264
273,2072,Bangladesh,44.53030172567114
274,2073,Bangladesh,45.414861658585984
275,2074,Bangladesh,46.2167772007
276,2075,Bangladesh,46.927244686446045
277,2076,Bangladesh,47.54965440102513
278,2077,Bangladesh,48.11705706953677
279,2078,Bangladesh,48.67795267266939
280,2079,Bangladesh,49.238827280743195
281,2080,Bangladesh,49.783667872599324
282,2081,Bangladesh,50.32893693117732
283,2082,Bangladesh,50.86119901246017
284,2083,Bangladesh,51.39611036924031
285,2084,Bangladesh,51.9716895438501
286,2085,Bangladesh,52.55727103275133
287,2086,Bangladesh,53.14151027865307
288,2087,Bangladesh,53.72235318264814
289,2088,Bangladesh,54.297419225493094
290,2089,Bangladesh,54.87625388760119
291,2090,Bangladesh,55.45460637425601
292,2091,Bangladesh,56.02364634388996
293,2092,Bangladesh,56.584639830420926
294,2093,Bangladesh,57.1344160532813
295,2094,Bangladesh,57.66952933013217
296,2095,Bangladesh,58.18125639675104
297,2096,Bangladesh,58.667716860952126
298,2097,Bangladesh,59.13705560096375
299,2098,Bangladesh,59.58521083937776
300,2099,Bangladesh,60.017753173727904
301,2100,Bangladesh,60.43510021572121
302,1950,Brazil,4.344960170877337
303,1951,Brazil,4.390402501767474
304,1952,Brazil,4.445543743484459
305,1953,Brazil,4.501569054861679
306,1954,Brazil,4.5584924898808366
307,1955,Brazil,4.619418756299233
308,1956,Brazil,4.6833654274458025
309,1957,Brazil,4.745746426822572
310,1958,Brazil,4.805581927430168
311,1959,Brazil,4.864636791148009
312,1960,Brazil,4.933047778705262
313,1961,Brazil,5.022872494508785
314,1962,Brazil,5.128179297816533
315,1963,Brazil,5.234913217865934
316,1964,Brazil,5.334728713471625
317,1965,Brazil,5.431261717701351
318,1966,Brazil,5.529645167649801
319,1967,Brazil,5.624373177913522
320,1968,Brazil,5.713321333690698
321,1969,Brazil,5.797198567866585
322,1970,Brazil,5.875557014074097
323,1971,Brazil,5.949798040738032
324,1972,Brazil,6.021437360638199
325,1973,Brazil,6.092433167242802
326,1974,Brazil,6.16473577002293
327,1975,Brazil,6.238516131733978
328,1976,Brazil,6.311507265963518
329,1977,Brazil,6.3799090253748805
330,1978,Brazil,6.444212324888126
331,1979,Brazil,6.507665613880039
332,1980,Brazil,6.5696711605759734
333,1981,Brazil,6.629945798350512
334,1982,Brazil,6.690745723061768
335,1983,Brazil,6.7542815387254835
336,1984,Brazil,6.822179946092528
337,1985,Brazil,6.894965747149009
338,1986,Brazil,6.97599416331928
339,1987,Brazil,7.069669669130422
340,1988,Brazil,7.17539242074997
341,1989,Brazil,7.290569412820331
342,1990,Brazil,7.406175854678324
343,1991,Brazil,7.519170249893627
344,1992,Brazil,7.635153966488183
345,1993,Brazil,7.753204809555486
346,1994,Brazil,7.8697858493533515
347,1995,Brazil,7.9810574525051665
348,1996,Brazil,8.089560717361453
349,1997,Brazil,8.198266655226165
350,1998,Brazil,8.305305902181773
351,1999,Brazil,8.409793128688205
352,2000,Brazil,8.511592344894884
353,2001,Brazil,8.622398132841937
354,2002,Brazil,8.746160094798999
355,2003,Brazil,8.88051086779108
356,2004,Brazil,9.029870986630891
357,2005,Brazil,9.194823729071967
358,2006,Brazil,9.371253191962548
359,2007,Brazil,9.553419670077924
360,2008,Brazil,9.73841134771749
361,2009,Brazil,9.924164552186285
362,2010,Brazil,10.108503528204228
363,2011,Brazil,10.29452845018049
364,2012,Brazil,10.497456989092996
365,2013,Brazil,10.734383566380446
366,2014,Brazil,11.02671433432454
367,2015,Brazil,11.360197960261308
368,2016,Brazil,11.705513838348908
369,2017,Brazil,12.070514872422484
370,2018,Brazil,12.462453466912251
371,2019,Brazil,12.876436125469287
372,2020,Brazil,13.296350735743609
373,2021,Brazil,13.711079606639364
374,2022,Brazil,14.13948319916728
375,2023,Brazil,14.634141658155105
376,2024,Brazil,15.192232974370178
377,2025,Brazil,15.775059354588805
378,2026,Brazil,16.38212598507374
379,2027,Brazil,17.012281076859985
380,2028,Brazil,17.661698760927038
381,2029,Brazil,18.31790496561969
382,2030,Brazil,18.96645383094221
383,2031,Brazil,19.610576725668956
384,2032,Brazil,20.245747155230635
385,2033,Brazil,20.861084032237716
386,2034,Brazil,21.47355105545663
387,2035,Brazil,22.104128038625056
388,2036,Brazil,22.7534629049898
389,2037,Brazil,23.418790869046223
390,2038,Brazil,24.103992928517997
391,2039,Brazil,24.80307898419506
392,2040,Brazil,25.521099636154883
393,2041,Brazil,26.272718563091424
394,2042,Brazil,27.063656873914034
395,2043,Brazil,27.897551545241367
396,2044,Brazil,28.77501466133152
397,2045,Brazil,29.694620334438138
398,2046,Brazil,30.65474056875978
399,2047,Brazil,31.64964563352865
400,2048,Brazil,32.667042382087175
401,2049,Brazil,33.693846327433285
402,2050,Brazil,34.7189139286799
403,2051,Brazil,35.730967518557975
404,2052,Brazil,36.72881476731287
405,2053,Brazil,37.7082184929513
406,2054,Brazil,38.66348871302673
407,2055,Brazil,39.59481776977419
408,2056,Brazil,40.50256571836087
409,2057,Brazil,41.38414559693305
410,2058,Brazil,42.25745422316425
411,2059,Brazil,43.14010415717533
412,2060,Brazil,44.03449296779871
413,2061,Brazil,44.93696544721748
414,2062,Brazil,45.83766285045856
415,2063,Brazil,46.73648644552173
416,2064,Brazil,47.61089744325964
417,2065,Brazil,48.44201702830605
418,2066,Brazil,49.22665815930741
419,2067,Brazil,49.947740410612276
420,2068,Brazil,50.583946262730706
421,2069,Brazil,51.17782088730651
422,2070,Brazil,51.76921203240471
423,2071,Brazil,52.33068727742294
424,2072,Brazil,52.83857735351128
425,2073,Brazil,53.29241722523522
426,2074,Brazil,53.721382714753794
427,2075,Brazil,54.14575588503183
428,2076,Brazil,54.56812255137674
429,2077,Brazil,54.97193283073302
430,2078,Brazil,55.34764244388229
431,2079,Brazil,55.747993889367464
432,2080,Brazil,56.20320990536808
433,2081,Brazil,56.620937204403155
434,2082,Brazil,57.01726123361788
435,2083,Brazil,57.477739606793165
436,2084,Brazil,57.91901539280069
437,2085,Brazil,58.26434797149626
438,2086,Brazil,58.550308817377264
439,2087,Brazil,58.82150908073092
440,2088,Brazil,59.08615952438456
441,2089,Brazil,59.349706521719256
442,2090,Brazil,59.612688465937445
443,2091,Brazil,59.88628574438639
444,2092,Brazil,60.16163361546577
445,2093,Brazil,60.430193708054794
446,2094,Brazil,60.69576796628857
447,2095,Brazil,60.969382516589555
448,2096,Brazil,61.25002194190158
449,2097,Brazil,61.52721315682555
450,2098,Brazil,61.80486661347035
451,2099,Brazil,62.084970166066924
452,2100,Brazil,62.368544349603525
453,1950,China,8.380523245817628
454,1951,China,8.180954415945555
455,1952,China,8.026629054828078
456,1953,China,7.916746487072884
457,1954,China,7.828627948280388
458,1955,China,7.712014067648668
459,1956,China,7.573391273696566
460,1957,China,7.475941294330436
461,1958,China,7.426676476587297
462,1959,China,7.328812533697655
463,1960,China,7.124153895320491
464,1961,China,6.918323107788588
465,1962,China,6.811915980122499
466,1963,China,6.7569194800341625
467,1964,China,6.691654042059568
468,1965,China,6.637435711666144
469,1966,China,6.62196466944516
470,1967,China,6.621186569219441
471,1968,China,6.639146271818877
472,1969,China,6.67295440454853
473,1970,China,6.701993033142014
474,1971,China,6.745194114943279
475,1972,China,6.78043642230642
476,1973,China,6.834829228993848
477,1974,China,6.956045922955334
478,1975,China,7.098054519562841
479,1976,China,7.224657829593123
480,1977,China,7.294943212349471
481,1978,China,7.303955502591678
482,1979,China,7.3331852285567765
483,1980,China,7.379242378883488
484,1981,China,7.4164706883312865
485,1982,China,7.463516491393002
486,1983,China,7.488466755024733
487,1984,China,7.501029345702821
488,1985,China,7.540722075872441
489,1986,China,7.5975243052121275
490,1987,China,7.664628626472757
491,1988,China,7.75121580649289
492,1989,China,7.882368673576304
493,1990,China,8.04611310922356
494,1991,China,8.19611256640036
495,1992,China,8.35948223210181
496,1993,China,8.570796029172563
497,1994,China,8.783930541014996
498,1995,China,8.99594019099471
499,1996,China,9.198011142793284
500,1997,China,9.38308906353051
501,1998,China,9.614911309062443
502,1999,China,9.86824382826888
503,2000,China,10.09640603560178
504,2001,China,10.306146543141406
505,2002,China,10.484508392614817
506,2003,China,10.641553811143075
507,2004,China,10.768450546558663
508,2005,China,10.879833518362322
509,2006,China,11.036206682889736
510,2007,China,11.219676384049732
511,2008,China,11.394440486103358
512,2009,China,11.585671332657359
513,2010,China,11.815002791852384
514,2011,China,12.102302625453202
515,2012,China,12.456975396758807
516,2013,China,12.881930740189073
517,2014,China,13.378317088709204
518,2015,China,13.98992055089893
519,2016,China,14.687399656000158
520,2017,China,15.49400726519369
521,2018,China,16.36981630343763
522,2019,China,17.24432188788621
523,2020,China,18.15923346341896
524,2021,China,19.007429824321893
525,2022,China,19.87850436389306
526,2023,China,20.6926100917039
527,2024,China,21.180098628596962
528,2025,China,21.46879095825102
529,2026,China,21.69430333144941
530,2027,China,22.305057398953807
531,2028,China,23.64922562252717
532,2029,China,25.15489438201825
533,2030,China,26.53559609750894
534,2031,China,27.894573594011607
535,2032,China,29.116984075833702
536,2033,China,30.505792105762325
537,2034,China,32.1463941855528
538,2035,China,33.87234738873796
539,2036,China,35.64628561717959
540,2037,China,37.32354417891871
541,2038,China,38.91894752413502
542,2039,China,40.37607805632776
543,2040,China,41.569789838265415
544,2041,China,42.54000759023618
545,2042,China,43.339488617154984
546,2043,China,44.027946013669656
547,2044,China,44.79209462062547
548,2045,China,45.689534294041614
549,2046,China,46.71569001654955
550,2047,China,47.9614062766335
551,2048,China,49.14350849314279
552,2049,China,50.205567026978926
553,2050,China,51.47120917355971
554,2051,China,53.01764011698092
555,2052,China,54.88961390414664
556,2053,China,56.82051575282857
557,2054,China,58.75200852571085
558,2055,China,60.90964981874934
559,2056,China,62.67535957907224
560,2057,China,63.740855691550145
561,2058,China,64.55345667222126
562,2059,China,65.20596949632676
563,2060,China,65.73901186557835
564,2061,China,66.15604307169365
565,2062,China,66.45326302842503
566,2063,China,66.6645463670859
567,2064,China,66.8350545337262
568,2065,China,67.11517596640672
569,2066,China,67.4360092493556
570,2067,China,67.6943181403083
571,2068,China,67.98904138310078
572,2069,China,68.37706059963567
573,2070,China,68.89920848774274
574,2071,China,69.55684829389382
575,2072,China,70.37407238636396
576,2073,China,71.38241293336745
577,2074,China,72.5823106024515
578,2075,China,73.8859794983615
579,2076,China,75.22557285474835
580,2077,China,76.8484598107235
581,2078,China,78.63200752635534
582,2079,China,80.42471761188821
583,2080,China,82.1781458474978
584,2081,China,83.95604024095502
585,2082,China,86.02748596065372
586,2083,China,87.68879934759775
587,2084,China,88.69720068034333
588,2085,China,89.11406781809131
589,2086,China,88.81518002485132
590,2087,China,88.25827204635644
591,2088,China,87.71223213290597
592,2089,China,87.18952694454886
593,2090,China,86.68469242598582
594,2091,China,86.1957687254662
595,2092,China,85.72634425704506
596,2093,China,85.27476158818953
597,2094,China,84.84681867309777
598,2095,China,84.44725260516583
599,2096,China,84.07580779479491
600,2097,China,83.74067725300412
601,2098,China,83.4521340155258
602,2099,China,83.20487022510027
603,2100,China,83.00743791065327
604,1950,India,5.2581507536402725
605,1951,India,5.297058754995623
606,1952,India,5.389200976977651
607,1953,India,5.50873485158734
608,1954,India,5.61248235650587
609,1955,India,5.687269077029137
610,1956,India,5.733617522053238
611,1957,India,5.7486669049046535
612,1958,India,5.75665809474379
613,1959,India,5.790728944123967
614,1960,India,5.857959319193337
615,1961,India,5.958138188337885
616,1962,India,6.093581816606001
617,1963,India,6.245368940792202
618,1964,India,6.372432163572997
619,1965,India,6.454762988796918
620,1966,India,6.502450754359905
621,1967,India,6.5196210895245885
622,1968,India,6.523288221671093
623,1969,India,6.532980248643411
624,1970,India,6.550783811043251
625,1971,India,6.583749333049433
626,1972,India,6.6375023637943915
627,1973,India,6.706056251354912
628,1974,India,6.781423140810065
629,1975,India,6.856545405789472
630,1976,India,6.926857341957435
631,1977,India,6.981858729902952
632,1978,India,7.017925909095883
633,1979,India,7.041042015802248
634,1980,India,7.052676782141153
635,1981,India,7.056310575517647
636,1982,India,7.0555999471167645
637,1983,India,7.05076345911919
638,1984,India,7.044254990905759
639,1985,India,7.038780293631095
640,1986,India,7.034897821524333
641,1987,India,7.032421513363767
642,1988,India,7.031143266303876
643,1989,India,7.03307356018091
644,1990,India,7.041142218426572
645,1991,India,7.057292021106621
646,1992,India,7.081507255244017
647,1993,India,7.112683741026542
648,1994,India,7.148487729202121
649,1995,India,7.187811404973142
650,1996,India,7.230644379367648
651,1997,India,7.276607025470497
652,1998,India,7.326148301165519
653,1999,India,7.378549631525278
654,2000,India,7.432918776419799
655,2001,India,7.490271287801269
656,2002,India,7.553278334655572
657,2003,India,7.617674715791906
658,2004,India,7.6732458338221985
659,2005,India,7.719547227105508
660,2006,India,7.759990265126966
661,2007,India,7.795959076346888
662,2008,India,7.832250058746412
663,2009,India,7.872998837991557
664,2010,India,7.92113529275557
665,2011,India,7.982798322304922
666,2012,India,8.063941913001958
667,2013,India,8.170186842646126
668,2014,India,8.344086980721249
669,2015,India,8.581601619293348
670,2016,India,8.835540410941421
671,2017,India,9.102562914586803
672,2018,India,9.382287942537157
673,2019,India,9.66927189683547
674,2020,India,9.926780750560903
675,2021,India,10.076240902894945
676,2022,India,10.172157941479497
677,2023,India,10.395947689312832
678,2024,India,10.723299367409185
679,2025,India,11.052900698614037
680,2026,India,11.38860421480854
681,2027,India,11.730191771538342
682,2028,India,12.077778121022932
683,2029,India,12.433507191730078
684,2030,India,12.793396439155138
685,2031,India,13.153794833188096
686,2032,India,13.523319317882656
687,2033,India,13.904930094083745
688,2034,India,14.295562692983127
689,2035,India,14.697217321819956
690,2036,India,15.113082194989449
691,2037,India,15.542405860877212
692,2038,India,15.98499464588976
693,2039,India,16.44129126087358
694,2040,India,16.903031923669808
695,2041,India,17.373172099441543
696,2042,India,17.85044711141377
697,2043,India,18.329866976266477
698,2044,India,18.827115378376785
699,2045,India,19.354149209491432
700,2046,India,19.91195003577874
701,2047,India,20.492113415115412
702,2048,India,21.09228757319735
703,2049,India,21.719797693291845
704,2050,India,22.36987001084903
705,2051,India,23.047141046354945
706,2052,India,23.742821577954256
707,2053,India,24.444250870340714
708,2054,India,25.15806996656939
709,2055,India,25.876390663626808
710,2056,India,26.605339246712155
711,2057,India,27.35245210776131
712,2058,India,28.10916323566644
713,2059,India,28.878036751421064
714,2060,India,29.663078739447847
715,2061,India,30.457115150846718
716,2062,India,31.257812604812486
717,2063,India,32.066418118573345
718,2064,India,32.88155672237394
719,2065,India,33.71474745354605
720,2066,India,34.57855006184079
721,2067,India,35.451892356591614
722,2068,India,36.30915048016006
723,2069,India,37.14569363977612
724,2070,India,37.950468020036624
725,2071,India,38.71541221407127
726,2072,India,39.45423529569266
727,2073,India,40.181619347318225
728,2074,India,40.90817460265205
729,2075,India,41.62828962104042
730,2076,India,42.32801458633006
731,2077,India,43.00155998195798
732,2078,India,43.646833442608276
733,2079,India,44.23139842002767
734,2080,India,44.767374737540955
735,2081,India,45.30553975796
736,2082,India,45.81606291408141
737,2083,India,46.295271310870476
738,2084,India,46.73857554765197
739,2085,India,47.12271074361204
740,2086,India,47.485754588202646
741,2087,India,47.8522114164277
742,2088,India,48.223900170690825
743,2089,India,48.60430151084017
744,2090,India,48.99394511394875
745,2091,India,49.385342027698464
746,2092,India,49.777570472181644
747,2093,India,50.17667276952695
748,2094,India,50.57711469542991
749,2095,India,50.9811197158228
750,2096,India,51.38693869893144
751,2097,India,51.790940892051985
752,2098,India,52.19171684839674
753,2099,India,52.58849611059687
754,2100,India,52.98335048998853
755,1950,Indonesia,3.0619280712301156
756,1951,Indonesia,3.159615957761417
757,1952,Indonesia,3.2601246344114583
758,1953,Indonesia,3.3644793825911083
759,1954,Indonesia,3.472763809757634
760,1955,Indonesia,3.585208457229501
761,1956,Indonesia,3.702743962235856
762,1957,Indonesia,3.8257018258680935
763,1958,Indonesia,3.954474016941184
764,1959,Indonesia,4.089647328004878
765,1960,Indonesia,4.231069094218722
766,1961,Indonesia,4.376526371862247
767,1962,Indonesia,4.523819744512845
768,1963,Indonesia,4.672288769643862
769,1964,Indonesia,4.823250496950345
770,1965,Indonesia,4.953862670501477
771,1966,Indonesia,5.089884595943466
772,1967,Indonesia,5.253115479781485
773,1968,Indonesia,5.412022655177725
774,1969,Indonesia,5.561730237120183
775,1970,Indonesia,5.700707138591712
776,1971,Indonesia,5.827796880103783
777,1972,Indonesia,5.947395019979386
778,1973,Indonesia,6.06138899518542
779,1974,Indonesia,6.167950796529167
780,1975,Indonesia,6.265459364820172
781,1976,Indonesia,6.353263157814822
782,1977,Indonesia,6.429981152267851
783,1978,Indonesia,6.493261185041257
784,1979,Indonesia,6.54090683465647
785,1980,Indonesia,6.5718637486928255
786,1981,Indonesia,6.586272633689112
787,1982,Indonesia,6.58872414429412
788,1983,Indonesia,6.585880505807759
789,1984,Indonesia,6.581480465289825
790,1985,Indonesia,6.579836163674678
791,1986,Indonesia,6.584474896959819
792,1987,Indonesia,6.597117317663671
793,1988,Indonesia,6.619182654127996
794,1989,Indonesia,6.655352227980018
795,1990,Indonesia,6.709845216436927
796,1991,Indonesia,6.781531414317038
797,1992,Indonesia,6.86896597142536
798,1993,Indonesia,6.968400879574016
799,1994,Indonesia,7.07431532282417
800,1995,Indonesia,7.184627695978167
801,1996,Indonesia,7.2975572031474
802,1997,Indonesia,7.4121865755514715
803,1998,Indonesia,7.530182989839158
804,1999,Indonesia,7.653230714997846
805,2000,Indonesia,7.784324714479994
806,2001,Indonesia,7.924701521283136
807,2002,Indonesia,8.07011331045514
808,2003,Indonesia,8.214041365822618
809,2004,Indonesia,8.34844494233503
810,2005,Indonesia,8.47459251444041
811,2006,Indonesia,8.592873261152418
812,2007,Indonesia,8.700670869571576
813,2008,Indonesia,8.797330134306241
814,2009,Indonesia,8.881528168922822
815,2010,Indonesia,8.955247954233124
816,2011,Indonesia,9.02222472873949
817,2012,Indonesia,9.078173501417911
818,2013,Indonesia,9.125505770426132
819,2014,Indonesia,9.177916995223143
820,2015,Indonesia,9.240581080996852
821,2016,Indonesia,9.32397318032705
822,2017,Indonesia,9.43960560864076
823,2018,Indonesia,9.59108855025203
824,2019,Indonesia,9.776771892968476
825,2020,Indonesia,9.92950380215273
826,2021,Indonesia,10.007739724685608
827,2022,Indonesia,10.093514538332506
828,2023,Indonesia,10.31617912888803
829,2024,Indonesia,10.653486878019894
830,2025,Indonesia,11.015442973958715
831,2026,Indonesia,11.396117260692028
832,2027,Indonesia,11.790764410520445
833,2028,Indonesia,12.202231432696639
834,2029,Indonesia,12.630538920939843
835,2030,Indonesia,13.074477939935145
836,2031,Indonesia,13.535105191102998
837,2032,Indonesia,14.007795159266031
838,2033,Indonesia,14.484920464091688
839,2034,Indonesia,14.966983022292121
840,2035,Indonesia,15.454551072902307
841,2036,Indonesia,15.943481955640848
842,2037,Indonesia,16.43350926740485
843,2038,Indonesia,16.929172528469582
844,2039,Indonesia,17.424038354758245
845,2040,Indonesia,17.91717589176061
846,2041,Indonesia,18.412700056471472
847,2042,Indonesia,18.907380314975043
848,2043,Indonesia,19.406074623684407
849,2044,Indonesia,19.91065684719308
850,2045,Indonesia,20.415968931171697
851,2046,Indonesia,20.917350316903175
852,2047,Indonesia,21.417859396302745
853,2048,Indonesia,21.910398696523288
854,2049,Indonesia,22.382938169578555
855,2050,Indonesia,22.8097470897649
856,2051,Indonesia,23.176138482539173
857,2052,Indonesia,23.514777565109764
858,2053,Indonesia,23.84935172564402
859,2054,Indonesia,24.17538111895099
860,2055,Indonesia,24.480544560573158
861,2056,Indonesia,24.78365647464661
862,2057,Indonesia,25.085232685428018
863,2058,Indonesia,25.376245425518146
864,2059,Indonesia,25.678758198900102
865,2060,Indonesia,25.99903316235519
866,2061,Indonesia,26.339869730054925
867,2062,Indonesia,26.70286215867661
868,2063,Indonesia,27.06690000135252
869,2064,Indonesia,27.40905832733944
870,2065,Indonesia,27.741101890522145
871,2066,Indonesia,28.07786227351588
872,2067,Indonesia,28.41486131856782
873,2068,Indonesia,28.75268379902826
874,2069,Indonesia,29.102454018567315
875,2070,Indonesia,29.48370058243283
876,2071,Indonesia,29.910197305889586
877,2072,Indonesia,30.391169437661635
878,2073,Indonesia,30.909547678015503
879,2074,Indonesia,31.434948857862405
880,2075,Indonesia,31.96750047500374
881,2076,Indonesia,32.539796206677245
882,2077,Indonesia,33.15024574543784
883,2078,Indonesia,33.73772946470049
884,2079,Indonesia,34.28465886000635
885,2080,Indonesia,34.801809951564614
886,2081,Indonesia,35.28834180244284
887,2082,Indonesia,35.73825737503565
888,2083,Indonesia,36.15685290158933
889,2084,Indonesia,36.56197479257393
890,2085,Indonesia,36.955111660956156
891,2086,Indonesia,37.334373257390425
892,2087,Indonesia,37.69989438846725
893,2088,Indonesia,38.0528090911675
894,2089,Indonesia,38.397655491253126
895,2090,Indonesia,38.74154532421951
896,2091,Indonesia,39.08543636589854
897,2092,Indonesia,39.42661744746952
898,2093,Indonesia,39.77167490808046
899,2094,Indonesia,40.12278247313583
900,2095,Indonesia,40.479817715970476
901,2096,Indonesia,40.844615990210364
902,2097,Indonesia,41.214273532858265
903,2098,Indonesia,41.59223724529857
904,2099,Indonesia,41.976543034493346
905,2100,Indonesia,42.370574277109604
906,1950,Japan,8.189587943136027
907,1951,Japan,8.206891339246196
908,1952,Japan,8.267916760928708
909,1953,Japan,8.37036134964489
910,1954,Japan,8.508263745546202
911,1955,Japan,8.647938131271593
912,1956,Japan,8.699451869750515
913,1957,Japan,8.707742770709235
914,1958,Japan,8.751964948327819
915,1959,Japan,8.84124688897312
916,1960,Japan,8.962430810344364
917,1961,Japan,9.094511984654622
918,1962,Japan,9.168728112351532
919,1963,Japan,9.21880078317333
920,1964,Japan,9.288944265798067
921,1965,Japan,9.38559866551445
922,1966,Japan,9.560706299272749
923,1967,Japan,9.788320645985719
924,1968,Japan,10.013251656948372
925,1969,Japan,10.211508315311988
926,1970,Japan,10.390785089242446
927,1971,Japan,10.58396636638315
928,1972,Japan,10.857965380088089
929,1973,Japan,11.184234707545825
930,1974,Japan,11.512552179283594
931,1975,Japan,11.858461828897553
932,1976,Japan,12.216532962217878
933,1977,Japan,12.601691677945512
934,1978,Japan,12.995038984048515
935,1979,Japan,13.387151574612185
936,1980,Japan,13.754559358297083
937,1981,Japan,14.13010643420041
938,1982,Japan,14.498143057480442
939,1983,Japan,14.79272551738467
940,1984,Japan,15.073587398001804
941,1985,Japan,15.42803562895838
942,1986,Japan,15.828046937667068
943,1987,Japan,16.23518391236477
944,1988,Japan,16.67445172023368
945,1989,Japan,17.17727481644593
946,1990,Japan,17.783287743466598
947,1991,Japan,18.476663135442237
948,1992,Japan,19.215251842662884
949,1993,Japan,19.96240099924961
950,1994,Japan,20.73962281399564
951,1995,Japan,21.546467938194606
952,1996,Japan,22.414306102660934
953,1997,Japan,23.351032794301947
954,1998,Japan,24.306035157322125
955,1999,Japan,25.256317774611936
956,2000,Japan,26.252135691508887
957,2001,Japan,27.336971805213615
958,2002,Japan,28.42381708964175
959,2003,Japan,29.4066511389834
960,2004,Japan,30.309307302144646
961,2005,Japan,31.33715422092237
962,2006,Japan,32.60674169471375
963,2007,Japan,33.96642546217338
964,2008,Japan,35.26824036689864
965,2009,Japan,36.46107806768424
966,2010,Japan,37.34316755357753
967,2011,Japan,38.111733134383904
968,2012,Japan,39.53268444937737
969,2013,Japan,41.58487434731536
970,2014,Japan,43.716853552967
971,2015,Japan,45.548277823539465
972,2016,Japan,46.96083413909646
973,2017,Japan,48.13394955878701
974,2018,Japan,49.10425921254391
975,2019,Japan,49.92454199046853
976,2020,Japan,50.56857258791047
977,2021,Japan,50.97130105701972
978,2022,Japan,51.19447954242471
979,2023,Japan,51.42976361799953
980,2024,Japan,51.724663734677975
981,2025,Japan,51.99845834373183
982,2026,Japan,52.2742263327434
983,2027,Japan,52.59142862156676
984,2028,Japan,52.99141049671194
985,2029,Japan,53.5159983720503
986,2030,Japan,54.15029745783775
987,2031,Japan,54.46826270097815
988,2032,Japan,54.97378909459778
989,2033,Japan,55.99073965743542
990,2034,Japan,56.99509737117573
991,2035,Japan,58.07935573154632
992,2036,Japan,59.30185057666558
993,2037,Japan,60.705213646233794
994,2038,Japan,62.30487013008792
995,2039,Japan,63.96152543351834
996,2040,Japan,65.46018528762603
997,2041,Japan,66.75344552867871
998,2042,Japan,67.8771533624983
999,2043,Japan,68.87074188887553
1000,2044,Japan,69.73754660791937
1001,2045,Japan,70.47073947972908
1002,2046,Japan,71.05650052148756
1003,2047,Japan,71.54866196273176
1004,2048,Japan,72.04533034704714
1005,2049,Japan,72.54584551504752
1006,2050,Japan,73.01279622275538
1007,2051,Japan,73.38827216311813
1008,2052,Japan,73.71952758309516
1009,2053,Japan,74.0591086065632
1010,2054,Japan,74.32090319593166
1011,2055,Japan,74.47619550541822
1012,2056,Japan,74.60351451208994
1013,2057,Japan,74.72389667486932
1014,2058,Japan,74.81463264725441
1015,2059,Japan,74.96875661096034
1016,2060,Japan,75.14030005928872
1017,2061,Japan,75.29468236661982
1018,2062,Japan,75.48540038758513
1019,2063,Japan,75.68999368963406
1020,2064,Japan,75.89028102716615
1021,2065,Japan,76.11631374498431
1022,2066,Japan,76.34809264232825
1023,2067,Japan,76.5179825100373
1024,2068,Japan,76.63250654955634
1025,2069,Japan,76.69872075416814
1026,2070,Japan,76.72229951505552
1027,2071,Japan,76.7669425155642
1028,2072,Japan,76.89117783012631
1029,2073,Japan,77.06977954273108
1030,2074,Japan,77.2705631711557
1031,2075,Japan,77.47748191839902
1032,2076,Japan,77.67474476384243
1033,2077,Japan,77.86255246567069
1034,2078,Japan,78.08778072035888
1035,2079,Japan,78.317964779985
1036,2080,Japan,78.54901005577604
1037,2081,Japan,78.76022851456644
1038,2082,Japan,78.80612371326757
1039,2083,Japan,78.68490154272281
1040,2084,Japan,78.46412212221713
1041,2085,Japan,78.21456176888242
1042,2086,Japan,77.99328439987573
1043,2087,Japan,77.77828749974488
1044,2088,Japan,77.58642257750475
1045,2089,Japan,77.42268889589658
1046,2090,Japan,77.27721189079956
1047,2091,Japan,77.15692470836004
1048,2092,Japan,77.07418273783763
1049,2093,Japan,77.02000776825572
1050,2094,Japan,76.99096661944537
1051,2095,Japan,76.98642567950168
1052,2096,Japan,77.00280642541804
1053,2097,Japan,77.04101038935899
1054,2098,Japan,77.10522540820298
1055,2099,Japan,77.19504096915664
1056,2100,Japan,77.30495091040065
1057,1950,Mexico,5.651704361096292
1058,1951,Mexico,5.64753681526737
1059,1952,Mexico,5.682912080678448
1060,1953,Mexico,5.717197951291591
1061,1954,Mexico,5.746565573629591
1062,1955,Mexico,5.7699893634637895
1063,1956,Mexico,5.785158284449051
1064,1957,Mexico,5.79165982689206
1065,1958,Mexico,5.795115491780264
1066,1959,Mexico,5.791937322407679
1067,1960,Mexico,5.767390813335814
1068,1961,Mexico,5.748464644171969
1069,1962,Mexico,5.762330645680062
1070,1963,Mexico,5.7918954859203255
1071,1964,Mexico,5.832240809291453
1072,1965,Mexico,5.891120701523471
1073,1966,Mexico,5.96076885579385
1074,1967,Mexico,6.0266864816354735
1075,1968,Mexico,6.085425159377843
1076,1969,Mexico,6.13570914804232
1077,1970,Mexico,6.177872229929277
1078,1971,Mexico,6.265567036164589
1079,1972,Mexico,6.400201862079288
1080,1973,Mexico,6.532271289624961
1081,1974,Mexico,6.6575899658861095
1082,1975,Mexico,6.77406778688571
1083,1976,Mexico,6.878455724581499
1084,1977,Mexico,6.960827412184023
1085,1978,Mexico,7.018541110521825
1086,1979,Mexico,7.060866288102195
1087,1980,Mexico,7.072982313559573
1088,1981,Mexico,7.050565717991095
1089,1982,Mexico,7.025608040354426
1090,1983,Mexico,7.012247890467576
1091,1984,Mexico,7.01148592354097
1092,1985,Mexico,7.028283479202986
1093,1986,Mexico,7.06058731898172
1094,1987,Mexico,7.101664319283802
1095,1988,Mexico,7.144194306871452
1096,1989,Mexico,7.189299548915841
1097,1990,Mexico,7.226974024330948
1098,1991,Mexico,7.2624822177591195
1099,1992,Mexico,7.314550785600417
1100,1993,Mexico,7.384143248302396
1101,1994,Mexico,7.467825231813377
1102,1995,Mexico,7.566257471917794
1103,1996,Mexico,7.6810585436649825
1104,1997,Mexico,7.808680730890629
1105,1998,Mexico,7.945872251637942
1106,1999,Mexico,8.090648411126807
1107,2000,Mexico,8.236631422173128
1108,2001,Mexico,8.395272650763957
1109,2002,Mexico,8.566050496584996
1110,2003,Mexico,8.733108035061603
1111,2004,Mexico,8.888094491736988
1112,2005,Mexico,9.029291519185739
1113,2006,Mexico,9.163291519317363
1114,2007,Mexico,9.290684040572568
1115,2008,Mexico,9.418352209259709
1116,2009,Mexico,9.54533746467508
1117,2010,Mexico,9.647931518825915
1118,2011,Mexico,9.788918533372994
1119,2012,Mexico,9.987691278221288
1120,2013,Mexico,10.194602859205569
1121,2014,Mexico,10.421006827806039
1122,2015,Mexico,10.677683248494638
1123,2016,Mexico,10.96131497582037
1124,2017,Mexico,11.264731163844157
1125,2018,Mexico,11.59441218173395
1126,2019,Mexico,11.873888062070842
1127,2020,Mexico,12.036315662093934
1128,2021,Mexico,12.155502665051886
1129,2022,Mexico,12.391196982530897
1130,2023,Mexico,12.74329267076614
1131,2024,Mexico,13.11820283552163
1132,2025,Mexico,13.515274590532927
1133,2026,Mexico,13.932266421633843
1134,2027,Mexico,14.371853182315705
1135,2028,Mexico,14.834291990456736
1136,2029,Mexico,15.318592911234575
1137,2030,Mexico,15.82626744089689
1138,2031,Mexico,16.357858629588968
1139,2032,Mexico,16.915533601700496
1140,2033,Mexico,17.502610330463376
1141,2034,Mexico,18.11708515402706
1142,2035,Mexico,18.751444469555274
1143,2036,Mexico,19.411632898407895
1144,2037,Mexico,20.093825300220526
1145,2038,Mexico,20.78478036243302
1146,2039,Mexico,21.48142671972679
1147,2040,Mexico,22.18179040204806
1148,2041,Mexico,22.893203878538554
1149,2042,Mexico,23.611508925066417
1150,2043,Mexico,24.330605279613327
1151,2044,Mexico,25.050162756131535
1152,2045,Mexico,25.76262434393482
1153,2046,Mexico,26.473693266470043
1154,2047,Mexico,27.190978584376985
1155,2048,Mexico,27.909668402071595
1156,2049,Mexico,28.630647277574887
1157,2050,Mexico,29.361790815297468
1158,2051,Mexico,30.103112389876735
1159,2052,Mexico,30.853519974620518
1160,2053,Mexico,31.6176912694354
1161,2054,Mexico,32.4019717821739
1162,2055,Mexico,33.206064437464256
1163,2056,Mexico,34.02885586349023
1164,2057,Mexico,34.87085435040084
1165,2058,Mexico,35.729079821963325
1166,2059,Mexico,36.60223610834771
1167,2060,Mexico,37.47850800842909
1168,2061,Mexico,38.34714677251147
1169,2062,Mexico,39.2152849635859
1170,2063,Mexico,40.096658895992434
1171,2064,Mexico,40.994484598575035
1172,2065,Mexico,41.907423948220526
1173,2066,Mexico,42.833671616053934
1174,2067,Mexico,43.76835022459558
1175,2068,Mexico,44.7104143861096
1176,2069,Mexico,45.6513626820358
1177,2070,Mexico,46.58242656947238
1178,2071,Mexico,47.511462500394195
1179,2072,Mexico,48.44749915607236
1180,2073,Mexico,49.3937471037077
1181,2074,Mexico,50.351935268214106
1182,2075,Mexico,51.31761661584754
1183,2076,Mexico,52.2876356332519
1184,2077,Mexico,53.25265754355527
1185,2078,Mexico,54.205969962647416
1186,2079,Mexico,55.142793691908054
1187,2080,Mexico,56.05579430500528
1188,2081,Mexico,56.9274709649254
1189,2082,Mexico,57.72985303950065
1190,2083,Mexico,58.42992471358883
1191,2084,Mexico,59.02622600529255
1192,2085,Mexico,59.58312083085573
1193,2086,Mexico,60.06845120643566
1194,2087,Mexico,60.471316836819824
1195,2088,Mexico,60.86634510135875
1196,2089,Mexico,61.261982869125085
1197,2090,Mexico,61.660660958241806
1198,2091,Mexico,62.06411186539347
1199,2092,Mexico,62.46496109851609
1200,2093,Mexico,62.86776565160337
1201,2094,Mexico,63.29041572836351
1202,2095,Mexico,63.73318050278355
1203,2096,Mexico,64.19294165671545
1204,2097,Mexico,64.67358884394841
1205,2098,Mexico,65.16132592240183
1206,2099,Mexico,65.66164568365397
1207,2100,Mexico,66.17326946478806
1208,1950,Nigeria,5.41709474124646
1209,1951,Nigeria,5.480556725988355
1210,1952,Nigeria,5.53991352682008
1211,1953,Nigeria,5.599924497413054
1212,1954,Nigeria,5.66057013536332
1213,1955,Nigeria,5.720134858863956
1214,1956,Nigeria,5.77811598579207
1215,1957,Nigeria,5.833698161330435
1216,1958,Nigeria,5.8895290591839125
1217,1959,Nigeria,5.938947237820005
1218,1960,Nigeria,5.975475484230489
1219,1961,Nigeria,6.006687305085219
1220,1962,Nigeria,6.037324459551829
1221,1963,Nigeria,6.067586040372383
1222,1964,Nigeria,6.095009319857201
1223,1965,Nigeria,6.106834235860416
1224,1966,Nigeria,6.100389506155062
1225,1967,Nigeria,6.076994375679775
1226,1968,Nigeria,6.049045165977862
1227,1969,Nigeria,6.029705262080187
1228,1970,Nigeria,6.013718946476868
1229,1971,Nigeria,6.005489356448311
1230,1972,Nigeria,6.006122185592612
1231,1973,Nigeria,6.0099345891678615
1232,1974,Nigeria,6.013694029815679
1233,1975,Nigeria,6.017687273200947
1234,1976,Nigeria,6.02821242475356
1235,1977,Nigeria,6.041267372345942
1236,1978,Nigeria,6.054372984687053
1237,1979,Nigeria,6.068603614293809
1238,1980,Nigeria,6.079370295218259
1239,1981,Nigeria,6.094146884903098
1240,1982,Nigeria,6.116097240680439
1241,1983,Nigeria,6.13925201936364
1242,1984,Nigeria,6.159854929765818
1243,1985,Nigeria,6.176320459918301
1244,1986,Nigeria,6.186372391348387
1245,1987,Nigeria,6.188682082783351
1246,1988,Nigeria,6.1848341062718895
1247,1989,Nigeria,6.175182373663428
1248,1990,Nigeria,6.157397305843661
1249,1991,Nigeria,6.134483975848128
1250,1992,Nigeria,6.10574334345433
1251,1993,Nigeria,6.070184336482627
1252,1994,Nigeria,6.028488794985522
1253,1995,Nigeria,5.9839000542809
1254,1996,Nigeria,5.941944871796952
1255,1997,Nigeria,5.901357687699452
1256,1998,Nigeria,5.8629810992029165
1257,1999,Nigeria,5.832718321532434
1258,2000,Nigeria,5.814081491020756
1259,2001,Nigeria,5.804270954123911
1260,2002,Nigeria,5.800654713120081
1261,2003,Nigeria,5.802685977639839
1262,2004,Nigeria,5.805457126898739
1263,2005,Nigeria,5.809023930824296
1264,2006,Nigeria,5.816287758773468
1265,2007,Nigeria,5.823972258793366
1266,2008,Nigeria,5.8311614457203245
1267,2009,Nigeria,5.839870032981519
1268,2010,Nigeria,5.8477770572344125
1269,2011,Nigeria,5.8518154853986175
1270,2012,Nigeria,5.849341084812379
1271,2013,Nigeria,5.829572041530788
1272,2014,Nigeria,5.7856137228594955
1273,2015,Nigeria,5.746474363231654
1274,2016,Nigeria,5.721433511442988
1275,2017,Nigeria,5.693400668827086
1276,2018,Nigeria,5.668497960811013
1277,2019,Nigeria,5.6494464549159815
1278,2020,Nigeria,5.61267506893341
1279,2021,Nigeria,5.549019008658034
1280,2022,Nigeria,5.510258857510584
1281,2023,Nigeria,5.5034463256327575
1282,2024,Nigeria,5.497808755852068
1283,2025,Nigeria,5.494580992845351
1284,2026,Nigeria,5.494728460231677
1285,2027,Nigeria,5.499065987766329
1286,2028,Nigeria,5.507454068339736
1287,2029,Nigeria,5.518598003454443
1288,2030,Nigeria,5.531965956589092
1289,2031,Nigeria,5.547045965775137
1290,2032,Nigeria,5.563745278296764
1291,2033,Nigeria,5.583333290338666
1292,2034,Nigeria,5.607109317459788
1293,2035,Nigeria,5.636487896482191
1294,2036,Nigeria,5.674191552477845
1295,2037,Nigeria,5.721154114692711
1296,2038,Nigeria,5.776737595381144
1297,2039,Nigeria,5.8424060970034235
1298,2040,Nigeria,5.918692915447097
1299,2041,Nigeria,6.0024469734044015
1300,2042,Nigeria,6.092281270249917
1301,2043,Nigeria,6.189239986205787
1302,2044,Nigeria,6.289319715575939
1303,2045,Nigeria,6.388229559898434
1304,2046,Nigeria,6.485174259201932
1305,2047,Nigeria,6.579703388038938
1306,2048,Nigeria,6.673084935624837
1307,2049,Nigeria,6.761725302911841
1308,2050,Nigeria,6.842376838124172
1309,2051,Nigeria,6.915771200082325
1310,2052,Nigeria,6.982911129228299
1311,2053,Nigeria,7.047183392118585
1312,2054,Nigeria,7.114888779199742
1313,2055,Nigeria,7.18761775739492
1314,2056,Nigeria,7.263694856527275
1315,2057,Nigeria,7.345678660956267
1316,2058,Nigeria,7.436237559706346
1317,2059,Nigeria,7.536276757982788
1318,2060,Nigeria,7.6461145571973015
1319,2061,Nigeria,7.764271918734679
1320,2062,Nigeria,7.887682282352067
1321,2063,Nigeria,8.016491520113583
1322,2064,Nigeria,8.159321382512749
1323,2065,Nigeria,8.321969500001066
1324,2066,Nigeria,8.502417783714996
1325,2067,Nigeria,8.699640702532776
1326,2068,Nigeria,8.91171963580531
1327,2069,Nigeria,9.13550251384334
1328,2070,Nigeria,9.370855134115683
1329,2071,Nigeria,9.618158942672435
1330,2072,Nigeria,9.87590199944108
1331,2073,Nigeria,10.14585084051157
1332,2074,Nigeria,10.427041416574422
1333,2075,Nigeria,10.714791330776563
1334,2076,Nigeria,11.007500352890705
1335,2077,Nigeria,11.301196162632845
1336,2078,Nigeria,11.59205771776471
1337,2079,Nigeria,11.880606839172962
1338,2080,Nigeria,12.167536721973944
1339,2081,Nigeria,12.456120285528142
1340,2082,Nigeria,12.746806717157574
1341,2083,Nigeria,13.038546074470062
1342,2084,Nigeria,13.333150558719522
1343,2085,Nigeria,13.631498851394836
1344,2086,Nigeria,13.934289272229586
1345,2087,Nigeria,14.237366284520409
1346,2088,Nigeria,14.540064114555154
1347,2089,Nigeria,14.848392921724388
1348,2090,Nigeria,15.161536657859983
1349,2091,Nigeria,15.476810211880018
1350,2092,Nigeria,15.79527345787875
1351,2093,Nigeria,16.116984954490775
1352,2094,Nigeria,16.442737954740128
1353,2095,Nigeria,16.769944632667862
1354,2096,Nigeria,17.09718959176612
1355,2097,Nigeria,17.424135167646387
1356,2098,Nigeria,17.74883135385972
1357,2099,Nigeria,18.072264038436256
1358,2100,Nigeria,18.391123820578745
1359,1950,Pakistan,10.138471680029694
1360,1951,Pakistan,9.596723312098703
1361,1952,Pakistan,9.121141681983788
1362,1953,Pakistan,8.698220415447876
1363,1954,Pakistan,8.315644710417585
1364,1955,Pakistan,7.968668893884061
1365,1956,Pakistan,7.654972678459996
1366,1957,Pakistan,7.369718605334487
1367,1958,Pakistan,7.112009039002663
1368,1959,Pakistan,6.8837901842755675
1369,1960,Pakistan,6.687027950164451
1370,1961,Pakistan,6.526345342539837
1371,1962,Pakistan,6.397071099920808
1372,1963,Pakistan,6.295746649528717
1373,1964,Pakistan,6.226121423174699
1374,1965,Pakistan,6.186180618252914
1375,1966,Pakistan,6.170709488145701
1376,1967,Pakistan,6.173589384531112
1377,1968,Pakistan,6.190249162083742
1378,1969,Pakistan,6.214529717164731
1379,1970,Pakistan,6.244795541273727
1380,1971,Pakistan,6.260847174116909
1381,1972,Pakistan,6.276047846389751
1382,1973,Pakistan,6.307102362539103
1383,1974,Pakistan,6.33696777551227
1384,1975,Pakistan,6.364955288894078
1385,1976,Pakistan,6.390856604783441
1386,1977,Pakistan,6.415433469481529
1387,1978,Pakistan,6.43956851140368
1388,1979,Pakistan,6.449953908731901
1389,1980,Pakistan,6.424644846210289
1390,1981,Pakistan,6.382950348845981
1391,1982,Pakistan,6.3622334420207425
1392,1983,Pakistan,6.37535629840679
1393,1984,Pakistan,6.42185548321553
1394,1985,Pakistan,6.463433334823525
1395,1986,Pakistan,6.485942971562056
1396,1987,Pakistan,6.500450498499206
1397,1988,Pakistan,6.510119461851904
1398,1989,Pakistan,6.524532276989245
1399,1990,Pakistan,6.540675439086398
1400,1991,Pakistan,6.55652312614191
1401,1992,Pakistan,6.601431966449834
1402,1993,Pakistan,6.637945358848625
1403,1994,Pakistan,6.6413518744671425
1404,1995,Pakistan,6.6298230769528494
1405,1996,Pakistan,6.600462511871226
1406,1997,Pakistan,6.569074524422016
1407,1998,Pakistan,6.534595679817949
1408,1999,Pakistan,6.501360286693285
1409,2000,Pakistan,6.456171778164496
1410,2001,Pakistan,6.4095397486605465
1411,2002,Pakistan,6.394846898046485
1412,2003,Pakistan,6.397911674635832
1413,2004,Pakistan,6.400211338494999
1414,2005,Pakistan,6.408027340219931
1415,2006,Pakistan,6.424611612214649
1416,2007,Pakistan,6.44870764546059
1417,2008,Pakistan,6.480594868170914
1418,2009,Pakistan,6.51338641733854
1419,2010,Pakistan,6.541781132678534
1420,2011,Pakistan,6.575383504174691
1421,2012,Pakistan,6.624014773567866
1422,2013,Pakistan,6.679765992497113
1423,2014,Pakistan,6.72886718706284
1424,2015,Pakistan,6.773478985965478
1425,2016,Pakistan,6.829009814165652
1426,2017,Pakistan,6.8968324071428695
1427,2018,Pakistan,6.971403325537169
1428,2019,Pakistan,7.058462442194418
1429,2020,Pakistan,7.1288364852651
1430,2021,Pakistan,7.174580161361993
1431,2022,Pakistan,7.223873632414536
1432,2023,Pakistan,7.3042634537922755
1433,2024,Pakistan,7.410360699062858
1434,2025,Pakistan,7.515918744459879
1435,2026,Pakistan,7.619214570834357
1436,2027,Pakistan,7.7173591263394865
1437,2028,Pakistan,7.808259813254104
1438,2029,Pakistan,7.892803639248049
1439,2030,Pakistan,7.972183181636201
1440,2031,Pakistan,8.045490984885893
1441,2032,Pakistan,8.111375394812494
1442,2033,Pakistan,8.169285912129054
1443,2034,Pakistan,8.217988168238731
1444,2035,Pakistan,8.261116317482117
1445,2036,Pakistan,8.304654786953229
1446,2037,Pakistan,8.35148556744731
1447,2038,Pakistan,8.402395593036966
1448,2039,Pakistan,8.456551281548515
1449,2040,Pakistan,8.514320679326849
1450,2041,Pakistan,8.576733239533787
1451,2042,Pakistan,8.645562288569929
1452,2043,Pakistan,8.723155949420665
1453,2044,Pakistan,8.81091361579555
1454,2045,Pakistan,8.912571508472798
1455,2046,Pakistan,9.037794173758055
1456,2047,Pakistan,9.190667132123261
1457,2048,Pakistan,9.364500060186652
1458,2049,Pakistan,9.550339787593048
1459,2050,Pakistan,9.742785613762559
1460,2051,Pakistan,9.94839480746751
1461,2052,Pakistan,10.1739728894591
1462,2053,Pakistan,10.418032210843876
1463,2054,Pakistan,10.678536171719454
1464,2055,Pakistan,10.952162139997899
1465,2056,Pakistan,11.236394611342538
1466,2057,Pakistan,11.529199134684784
1467,2058,Pakistan,11.81898793124032
1468,2059,Pakistan,12.109109355099424
1469,2060,Pakistan,12.408428843349869
1470,2061,Pakistan,12.717717528834424
1471,2062,Pakistan,13.039264383717587
1472,2063,Pakistan,13.374543027395609
1473,2064,Pakistan,13.726508426857281
1474,2065,Pakistan,14.089409467586394
1475,2066,Pakistan,14.464893291202369
1476,2067,Pakistan,14.855397373195405
1477,2068,Pakistan,15.246228469112971
1478,2069,Pakistan,15.62698871598401
1479,2070,Pakistan,15.996827365888464
1480,2071,Pakistan,16.3574380827092
1481,2072,Pakistan,16.72777073581195
1482,2073,Pakistan,17.11248334323296
1483,2074,Pakistan,17.50218005579233
1484,2075,Pakistan,17.90248428975514
1485,2076,Pakistan,18.31239569669036
1486,2077,Pakistan,18.726393191590375
1487,2078,Pakistan,19.13554746187444
1488,2079,Pakistan,19.524905566529206
1489,2080,Pakistan,19.884623927794593
1490,2081,Pakistan,20.222213010829254
1491,2082,Pakistan,20.54980217470935
1492,2083,Pakistan,20.87024266574209
1493,2084,Pakistan,21.187365059147545
1494,2085,Pakistan,21.50519124823309
1495,2086,Pakistan,21.821045719726083
1496,2087,Pakistan,22.135369642371344
1497,2088,Pakistan,22.4531882323231
1498,2089,Pakistan,22.77416391322542
1499,2090,Pakistan,23.098818589365816
1500,2091,Pakistan,23.430858572673465
1501,2092,Pakistan,23.77566255523179
1502,2093,Pakistan,24.13161225775433
1503,2094,Pakistan,24.492705911692603
1504,2095,Pakistan,24.860573879621427
1505,2096,Pakistan,25.238813293032518
1506,2097,Pakistan,25.626483216694496
1507,2098,Pakistan,26.021044832764446
1508,2099,Pakistan,26.42188416735671
1509,2100,Pakistan,26.83040352115085
1510,1950,Republic of Korea,5.049487464664891
1511,1951,Republic of Korea,5.011945982126951
1512,1952,Republic of Korea,5.0656607261066835
1513,1953,Republic of Korea,5.167979282892438
1514,1954,Republic of Korea,5.289115733780222
1515,1955,Republic of Korea,5.415763637035385
1516,1956,Republic of Korea,5.537978229259674
1517,1957,Republic of Korea,5.650783652376971
1518,1958,Republic of Korea,5.767210205739653
1519,1959,Republic of Korea,5.89803490041531
1520,1960,Republic of Korea,6.030921286264537
1521,1961,Republic of Korea,6.1268171558202615
1522,1962,Republic of Korea,6.188484452197832
1523,1963,Republic of Korea,6.223246893218027
1524,1964,Republic of Korea,6.210468660111309
1525,1965,Republic of Korea,6.188126376348432
1526,1966,Republic of Korea,6.256277458769939
1527,1967,Republic of Korea,6.362005769966405
1528,1968,Republic of Korea,6.398976454931981
1529,1969,Republic of Korea,6.398392700708057
1530,1970,Republic of Korea,6.4129075242936695
1531,1971,Republic of Korea,6.45924046561317
1532,1972,Republic of Korea,6.48495077546022
1533,1973,Republic of Korea,6.465339323680122
1534,1974,Republic of Korea,6.414994999365442
1535,1975,Republic of Korea,6.3300681312920135
1536,1976,Republic of Korea,6.249805516952482
1537,1977,Republic of Korea,6.198383579630039
1538,1978,Republic of Korea,6.16100766582056
1539,1979,Republic of Korea,6.150279208930058
1540,1980,Republic of Korea,6.169927787395693
1541,1981,Republic of Korea,6.2511684863412995
1542,1982,Republic of Korea,6.365053711306204
1543,1983,Republic of Korea,6.425147964985939
1544,1984,Republic of Korea,6.441732920432668
1545,1985,Republic of Korea,6.496595712162769
1546,1986,Republic of Korea,6.601126254863689
1547,1987,Republic of Korea,6.707314448403268
1548,1988,Republic of Korea,6.8251721749014145
1549,1989,Republic of Korea,6.953506582037032
1550,1990,Republic of Korea,7.079342418988696
1551,1991,Republic of Korea,7.248253389026329
1552,1992,Republic of Korea,7.45704456979253
1553,1993,Republic of Korea,7.675605631797228
1554,1994,Republic of Korea,7.9173477416522156
1555,1995,Republic of Korea,8.15618150290263
1556,1996,Republic of Korea,8.40156158016756
1557,1997,Republic of Korea,8.708996176030581
1558,1998,Republic of Korea,9.053830453086462
1559,1999,Republic of Korea,9.449743458693579
1560,2000,Republic of Korea,9.925386444302069
1561,2001,Republic of Korea,10.441760074859523
1562,2002,Republic of Korea,10.982811091240059
1563,2003,Republic of Korea,11.535608994454746
1564,2004,Republic of Korea,12.095274739308573
1565,2005,Republic of Korea,12.635467543302312
1566,2006,Republic of Korea,13.195750429297695
1567,2007,Republic of Korea,13.774949627616467
1568,2008,Republic of Korea,14.276514048247002
1569,2009,Republic of Korea,14.738488954904502
1570,2010,Republic of Korea,15.224667939216625
1571,2011,Republic of Korea,15.654314223120371
1572,2012,Republic of Korea,16.062249975844143
1573,2013,Republic of Korea,16.553205758995126
1574,2014,Republic of Korea,17.1134010430332
1575,2015,Republic of Korea,17.684458303895024
1576,2016,Republic of Korea,18.239759091333006
1577,2017,Republic of Korea,18.984612100732274
1578,2018,Republic of Korea,19.856937711837915
1579,2019,Republic of Korea,20.785771437585453
1580,2020,Republic of Korea,21.98343963532143
1581,2021,Republic of Korea,23.301835771488435
1582,2022,Republic of Korea,24.657203955437126
1583,2023,Republic of Korea,26.110660153878797
1584,2024,Republic of Korea,27.683949227961097
1585,2025,Republic of Korea,29.488406989152317
1586,2026,Republic of Korea,31.40705564150871
1587,2027,Republic of Korea,33.19616698265689
1588,2028,Republic of Korea,34.848496918030875
1589,2029,Republic of Korea,36.41079923416684
1590,2030,Republic of Korea,37.98681091003314
1591,2031,Republic of Korea,39.622364907042446
1592,2032,Republic of Korea,41.31145328769414
1593,2033,Republic of Korea,43.24033897717511
1594,2034,Republic of Korea,45.36479857027169
1595,2035,Republic of Korea,47.536887934162074
1596,2036,Republic of Korea,49.78516271706292
1597,2037,Republic of Korea,52.00204430422038
1598,2038,Republic of Korea,54.12746460812734
1599,2039,Republic of Korea,56.217586817780806
1600,2040,Republic of Korea,58.09528196329828
1601,2041,Republic of Korea,59.714086742594475
1602,2042,Republic of Korea,61.269647311480014
1603,2043,Republic of Korea,62.82238451771271
1604,2044,Republic of Korea,64.52994452010962
1605,2045,Republic of Korea,66.5352758123902
1606,2046,Republic of Korea,68.62793765947431
1607,2047,Republic of Korea,70.6879830152136
1608,2048,Republic of Korea,72.54450633823151
1609,2049,Republic of Korea,74.00061108216198
1610,2050,Republic of Korea,75.17859275947636
1611,2051,Republic of Korea,76.25065655437257
1612,2052,Republic of Korea,77.27727992495176
1613,2053,Republic of Korea,78.28470486325192
1614,2054,Republic of Korea,79.35062965963098
1615,2055,Republic of Korea,80.5673102787377
1616,2056,Republic of Korea,82.01719994180479
1617,2057,Republic of Korea,83.7731621325567
1618,2058,Republic of Korea,85.7070345481768
1619,2059,Republic of Korea,87.67969404208154
1620,2060,Republic of Korea,89.69260413722637
1621,2061,Republic of Korea,91.71628320911108
1622,2062,Republic of Korea,93.68865453063594
1623,2063,Republic of Korea,95.53127112837213
1624,2064,Republic of Korea,97.23687736998691
1625,2065,Republic of Korea,98.9568246720145
1626,2066,Republic of Korea,100.44985191661391
1627,2067,Republic of Korea,101.28819515904004
1628,2068,Republic of Korea,101.7209141572396
1629,2069,Republic of Korea,102.05725232047355
1630,2070,Republic of Korea,102.2010484322163
1631,2071,Republic of Korea,102.29160861097539
1632,2072,Republic of Korea,102.70349550487776
1633,2073,Republic of Korea,103.28730385678755
1634,2074,Republic of Korea,103.73586003865513
1635,2075,Republic of Korea,104.22390169128172
1636,2076,Republic of Korea,104.97402419402032
1637,2077,Republic of Korea,105.90136366704131
1638,2078,Republic of Korea,106.6796077600059
1639,2079,Republic of Korea,107.27045586448605
1640,2080,Republic of Korea,107.89662181642747
1641,2081,Republic of Korea,108.40661202461635
1642,2082,Republic of Korea,108.47426210041039
1643,2083,Republic of Korea,108.04971670526197
1644,2084,Republic of Korea,107.25843910474937
1645,2085,Republic of Korea,106.2064766926196
1646,2086,Republic of Korea,105.05060204011593
1647,2087,Republic of Korea,103.87551559756052
1648,2088,Republic of Korea,102.73431617748317
1649,2089,Republic of Korea,101.67730266240112
1650,2090,Republic of Korea,100.72297442548224
1651,2091,Republic of Korea,99.8970895754663
1652,2092,Republic of Korea,99.18503550680025
1653,2093,Republic of Korea,98.57351889047683
1654,2094,Republic of Korea,98.07467227017598
1655,2095,Republic of Korea,97.65862937090436
1656,2096,Republic of Korea,97.29243985498701
1657,2097,Republic of Korea,96.95870451170693
1658,2098,Republic of Korea,96.64502521275705
1659,2099,Republic of Korea,96.3249966780377
1660,2100,Republic of Korea,95.97223416145653
1661,1950,Russian Federation,7.2981403444875665
1662,1951,Russian Federation,7.309184462814409
1663,1952,Russian Federation,7.323774121594518
1664,1953,Russian Federation,7.371133939672039
1665,1954,Russian Federation,7.463153010888169
1666,1955,Russian Federation,7.617693860043468
1667,1956,Russian Federation,7.860488119406717
1668,1957,Russian Federation,8.161304758653177
1669,1958,Russian Federation,8.697114818174484
1670,1959,Russian Federation,9.248450533177333
1671,1960,Russian Federation,9.577003549783273
1672,1961,Russian Federation,9.849547460684233
1673,1962,Russian Federation,9.979239579348809
1674,1963,Russian Federation,10.085832149852735
1675,1964,Russian Federation,10.22448897538659
1676,1965,Russian Federation,10.429389439463705
1677,1966,Russian Federation,10.659736130976878
1678,1967,Russian Federation,10.884731282590245
1679,1968,Russian Federation,11.163280609483023
1680,1969,Russian Federation,11.431358720136743
1681,1970,Russian Federation,11.648302987830753
1682,1971,Russian Federation,11.914502846072155
1683,1972,Russian Federation,12.237644361614143
1684,1973,Russian Federation,12.52331667136872
1685,1974,Russian Federation,12.848928260694983
1686,1975,Russian Federation,13.204125136339753
1687,1976,Russian Federation,13.55575774094894
1688,1977,Russian Federation,13.955244780880404
1689,1978,Russian Federation,14.366894278976089
1690,1979,Russian Federation,14.74412918910391
1691,1980,Russian Federation,14.953807100041375
1692,1981,Russian Federation,14.879617700524186
1693,1982,Russian Federation,14.64554765527087
1694,1983,Russian Federation,14.526093758445157
1695,1984,Russian Federation,14.458279126502624
1696,1985,Russian Federation,14.247801207759517
1697,1986,Russian Federation,14.061918189772193
1698,1987,Russian Federation,13.99580381825481
1699,1988,Russian Federation,14.090899439668695
1700,1989,Russian Federation,14.402981385264841
1701,1990,Russian Federation,14.848150178298312
1702,1991,Russian Federation,15.409031663158768
1703,1992,Russian Federation,16.11301441355172
1704,1993,Russian Federation,16.844330652692182
1705,1994,Russian Federation,17.440048519255413
1706,1995,Russian Federation,17.865860396985372
1707,1996,Russian Federation,18.130648276462676
1708,1997,Russian Federation,18.27356971049857
1709,1998,Russian Federation,18.218383893478865
1710,1999,Russian Federation,17.958747825524945
1711,2000,Russian Federation,17.811729310558384
1712,2001,Russian Federation,17.851358290025
1713,2002,Russian Federation,18.09886602373019
1714,2003,Russian Federation,18.53919063302431
1715,2004,Russian Federation,19.03285839544509
1716,2005,Russian Federation,19.431533872873896
1717,2006,Russian Federation,19.666881061639007
1718,2007,Russian Federation,19.549997358828662
1719,2008,Russian Federation,18.981319055435964
1720,2009,Russian Federation,18.293692053893366
1721,2010,Russian Federation,17.753261640468082
1722,2011,Russian Federation,17.648582845407844
1723,2012,Russian Federation,17.950981903517082
1724,2013,Russian Federation,18.348084329034194
1725,2014,Russian Federation,18.917367583575352
1726,2015,Russian Federation,19.58121659920809
1727,2016,Russian Federation,20.181175196063155
1728,2017,Russian Federation,20.8108841351695
1729,2018,Russian Federation,21.42918428047945
1730,2019,Russian Federation,22.10665882910632
1731,2020,Russian Federation,22.84029170058174
1732,2021,Russian Federation,23.383007886951752
1733,2022,Russian Federation,23.757063321236064
1734,2023,Russian Federation,24.387276488011697
1735,2024,Russian Federation,25.29815862862031
1736,2025,Russian Federation,26.292951651026325
1737,2026,Russian Federation,27.249994626674233
1738,2027,Russian Federation,27.982175455608488
1739,2028,Russian Federation,28.561176505544577
1740,2029,Russian Federation,28.981031544244228
1741,2030,Russian Federation,29.267058974857157
1742,2031,Russian Federation,29.4545165706664
1743,2032,Russian Federation,29.56747268950482
1744,2033,Russian Federation,29.69306710857665
1745,2034,Russian Federation,29.865787581892345
1746,2035,Russian Federation,30.182315867765404
1747,2036,Russian Federation,30.580129966267116
1748,2037,Russian Federation,30.987179310689523
1749,2038,Russian Federation,31.42056172516317
1750,2039,Russian Federation,31.875957199611104
1751,2040,Russian Federation,32.421217965433925
1752,2041,Russian Federation,32.99690003049488
1753,2042,Russian Federation,33.549478788371765
1754,2043,Russian Federation,34.14148679743335
1755,2044,Russian Federation,34.78827661576711
1756,2045,Russian Federation,35.58114056512308
1757,2046,Russian Federation,36.42562435623029
1758,2047,Russian Federation,37.26700252245876
1759,2048,Russian Federation,38.31616683308643
1760,2049,Russian Federation,39.45891578472776
1761,2050,Russian Federation,40.63762987520599
1762,2051,Russian Federation,41.920190179232186
1763,2052,Russian Federation,43.27278527287
1764,2053,Russian Federation,44.583171203416654
1765,2054,Russian Federation,45.75112157466885
1766,2055,Russian Federation,46.822485118374644
1767,2056,Russian Federation,47.62912795740991
1768,2057,Russian Federation,48.035401220240146
1769,2058,Russian Federation,48.07597022879481
1770,2059,Russian Federation,47.893677635314205
1771,2060,Russian Federation,47.636238905882806
1772,2061,Russian Federation,47.25409356382021
1773,2062,Russian Federation,46.74721912212711
1774,2063,Russian Federation,46.22325518155352
1775,2064,Russian Federation,45.6952529268045
1776,2065,Russian Federation,45.19191941556337
1777,2066,Russian Federation,44.73073208389079
1778,2067,Russian Federation,44.32104939980063
1779,2068,Russian Federation,44.03001935099156
1780,2069,Russian Federation,43.79437019405748
1781,2070,Russian Federation,43.57381788467371
1782,2071,Russian Federation,43.35435205658662
1783,2072,Russian Federation,43.24817241744107
1784,2073,Russian Federation,43.34368019442335
1785,2074,Russian Federation,43.54421350735078
1786,2075,Russian Federation,43.752728063548425
1787,2076,Russian Federation,44.08172482905016
1788,2077,Russian Federation,44.653429153477575
1789,2078,Russian Federation,45.351957270860254
1790,2079,Russian Federation,46.105285663391165
1791,2080,Russian Federation,46.94775713723357
1792,2081,Russian Federation,47.809852646320806
1793,2082,Russian Federation,48.468820781687896
1794,2083,Russian Federation,48.883733701270074
1795,2084,Russian Federation,49.129286430551275
1796,2085,Russian Federation,49.23869526562467
1797,2086,Russian Federation,49.28432999745587
1798,2087,Russian Federation,49.2903101639765
1799,2088,Russian Federation,49.28479618600372
1800,2089,Russian Federation,49.26919586531007
1801,2090,Russian Federation,49.23106605308555
1802,2091,Russian Federation,49.167849147366645
1803,2092,Russian Federation,49.08611132958933
1804,2093,Russian Federation,48.993895816614334
1805,2094,Russian Federation,48.89012481725204
1806,2095,Russian Federation,48.77733731175205
1807,2096,Russian Federation,48.664735736207966
1808,2097,Russian Federation,48.560764956857014
1809,2098,Russian Federation,48.474487208904094
1810,2099,Russian Federation,48.41307756598891
1811,2100,Russian Federation,48.385695911882955
1812,1950,United States of America,12.622333763324598
1813,1951,United States of America,12.955550230707088
1814,1952,United States of America,13.273657588312776
1815,1953,United States of America,13.623766060968167
1816,1954,United States of America,13.960588444159807
1817,1955,United States of America,14.274667605205321
1818,1956,United States of America,14.578844057118086
1819,1957,United States of America,14.813607091282469
1820,1958,United States of America,14.936215075052436
1821,1959,United States of America,15.121674331908219
1822,1960,United States of America,15.395741790151696
1823,1961,United States of America,15.575261522953058
1824,1962,United States of America,15.658327955283799
1825,1963,United States of America,15.759153937434025
1826,1964,United States of America,15.880100144673365
1827,1965,United States of America,15.959001788150335
1828,1966,United States of America,15.920180006616619
1829,1967,United States of America,15.922034074524468
1830,1968,United States of America,15.923958152036006
1831,1969,United States of America,15.841873658566685
1832,1970,United States of America,15.833928972774236
1833,1971,United States of America,15.839390967350383
1834,1972,United States of America,15.861916309218755
1835,1973,United States of America,15.940915408681883
1836,1974,United States of America,16.057127475014248
1837,1975,United States of America,16.209504398302208
1838,1976,United States of America,16.41619879191544
1839,1977,United States of America,16.63666646522445
1840,1978,United States of America,16.80848943807534
1841,1979,United States of America,16.931937662315708
1842,1980,United States of America,17.024588035375697
1843,1981,United States of America,17.143006699294006
1844,1982,United States of America,17.271303825754764
1845,1983,United States of America,17.35023693685835
1846,1984,United States of America,17.50443939912499
1847,1985,United States of America,17.719806123872132
1848,1986,United States of America,17.867803837818514
1849,1987,United States of America,17.995093753532025
1850,1988,United States of America,18.274563548214495
1851,1989,United States of America,18.51920397086696
1852,1990,United States of America,18.568145099650334
1853,1991,United States of America,18.680177884629085
1854,1992,United States of America,18.836999525610736
1855,1993,United States of America,18.91124754696548
1856,1994,United States of America,19.014470036182114
1857,1995,United States of America,19.10570391278909
1858,1996,United States of America,19.094026284777286
1859,1997,United States of America,19.007382164364763
1860,1998,United States of America,18.8956615069304
1861,1999,United States of America,18.759814947868062
1862,2000,United States of America,18.59069375037231
1863,2001,United States of America,18.514558703701216
1864,2002,United States of America,18.45722818759855
1865,2003,United States of America,18.39951384718235
1866,2004,United States of America,18.39827972661062
1867,2005,United States of America,18.440046171485953
1868,2006,United States of America,18.49666624394278
1869,2007,United States of America,18.605331930814543
1870,2008,United States of America,18.85728736751957
1871,2009,United States of America,19.149304710154503
1872,2010,United States of America,19.414635249175166
1873,2011,United States of America,19.810415440834078
1874,2012,United States of America,20.344105801819605
1875,2013,United States of America,20.866255358049962
1876,2014,United States of America,21.27534890786277
1877,2015,United States of America,21.586042117066228
1878,2016,United States of America,22.179197139600394
1879,2017,United States of America,22.870061904708496
1880,2018,United States of America,23.439484510731337
1881,2019,United States of America,24.119820167298826
1882,2020,United States of America,24.85763874587672
1883,2021,United States of America,25.629056817249513
1884,2022,United States of America,26.38649878305106
1885,2023,United States of America,27.16816051937568
1886,2024,United States of America,28.008359659269917
1887,2025,United States of America,28.864830721469513
1888,2026,United States of America,29.70974973673812
1889,2027,United States of America,30.477294765186898
1890,2028,United States of America,31.20252422083245
1891,2029,United States of America,31.925862270403133
1892,2030,United States of America,32.57263911242371
1893,2031,United States of America,33.10040476974963
1894,2032,United States of America,33.53364313355529
1895,2033,United States of America,33.958133449834285
1896,2034,United States of America,34.43450234813897
1897,2035,United States of America,34.97545541726628
1898,2036,United States of America,35.49235134243702
1899,2037,United States of America,35.85038275842087
1900,2038,United States of America,36.08436619746421
1901,2039,United States of America,36.29150007064682
1902,2040,United States of America,36.480485323240615
1903,2041,United States of America,36.63625914529515
1904,2042,United States of America,36.790340512189935
1905,2043,United States of America,36.97714880092499
1906,2044,United States of America,37.21831262091905
1907,2045,United States of America,37.510653249875936
1908,2046,United States of America,37.8118074397384
1909,2047,United States of America,38.08508688724096
1910,2048,United States of America,38.34044986292069
1911,2049,United States of America,38.60318671775712
1912,2050,United States of America,38.89167410321633
1913,2051,United States of America,39.196590910754395
1914,2052,United States of America,39.49969608500229
1915,2053,United States of America,39.825729665767795
1916,2054,United States of America,40.20705482460293
1917,2055,United States of America,40.64865988450834
1918,2056,United States of America,41.121039777331426
1919,2057,United States of America,41.58434659782984
1920,2058,United States of America,42.01645162716988
1921,2059,United States of America,42.41932624772059
1922,2060,United States of America,42.80270866092762
1923,2061,United States of America,43.172900008102424
1924,2062,United States of America,43.54366604980358
1925,2063,United States of America,43.938299479852134
1926,2064,United States of America,44.370600810112606
1927,2065,United States of America,44.85370622670999
1928,2066,United States of America,45.36524560088942
1929,2067,United States of America,45.872528887833845
1930,2068,United States of America,46.398081375173064
1931,2069,United States of America,46.94352775280242
1932,2070,United States of America,47.498665387943305
1933,2071,United States of America,48.08919857749604
1934,2072,United States of America,48.71566973566737
1935,2073,United States of America,49.322090640725605
1936,2074,United States of America,49.85693612398894
1937,2075,United States of America,50.31291810245004
1938,2076,United States of America,50.710771651073316
1939,2077,United States of America,51.07504949493881
1940,2078,United States of America,51.417693679965545
1941,2079,United States of America,51.75303322752984
1942,2080,United States of America,52.08135201979517
1943,2081,United States of America,52.377907874189646
1944,2082,United States of America,52.62002310401112
1945,2083,United States of America,52.79873277877839
1946,2084,United States of America,52.928080286198075
1947,2085,United States of America,52.998601988355986
1948,2086,United States of America,53.03989144175235
1949,2087,United States of America,53.09804890827945
1950,2088,United States of America,53.16521860188651
1951,2089,United States of America,53.24393453000369
1952,2090,United States of America,53.33273114837313
1953,2091,United States of America,53.434745311853305
1954,2092,United States of America,53.54965436070596
1955,2093,United States of America,53.677294418323676
1956,2094,United States of America,53.81846400774792
1957,2095,United States of America,53.97035711547973
1958,2096,United States of America,54.13489690962447
1959,2097,United States of America,54.31327313249216
1960,2098,United States of America,54.50667810545744
1961,2099,United States of America,54.70714342118362
1962,2100,United States of America,54.911854798603265
