,Time,Country,Young and Old to Working Age Dependency Ratio
0,1950,Afghanistan,78.16606960100168
1,1951,Afghanistan,78.1537161629571
2,1952,Afghanistan,78.17225436964586
3,1953,Afghanistan,78.23951490303858
4,1954,Afghanistan,78.39020695031968
5,1955,Afghanistan,78.62941065224952
6,1956,Afghanistan,78.931696581068
7,1957,Afghanistan,79.25454645291579
8,1958,Afghanistan,79.56632128410476
9,1959,Afghanistan,79.83679178157045
10,1960,Afghanistan,80.05111404521162
11,1961,Afghanistan,80.22231986102398
12,1962,Afghanistan,80.40193277875461
13,1963,Afghanistan,80.7153078052936
14,1964,Afghanistan,81.21955707763439
15,1965,Afghanistan,81.99481517773476
16,1966,Afghanistan,82.95472205157554
17,1967,Afghanistan,83.90805653584948
18,1968,Afghanistan,84.84415749212596
19,1969,Afghanistan,85.76083248974284
20,1970,Afghanistan,86.6447944701755
21,1971,Afghanistan,87.49314613957989
22,1972,Afghanistan,88.31356639879739
23,1973,Afghanistan,89.10824777805696
24,1974,Afghanistan,89.89218508870354
25,1975,Afghanistan,90.65687102755257
26,1976,Afghanistan,91.39638253991164
27,1977,Afghanistan,92.11994559532297
28,1978,Afghanistan,92.82450213112908
29,1979,Afghanistan,93.5076064239243
30,1980,Afghanistan,94.16496609865477
31,1981,Afghanistan,94.79133070624286
32,1982,Afghanistan,95.36894150651133
33,1983,Afghanistan,95.83013392830789
34,1984,Afghanistan,96.24428026395321
35,1985,Afghanistan,96.6547233366545
36,1986,Afghanistan,97.07748960143289
37,1987,Afghanistan,97.49192953067161
38,1988,Afghanistan,97.91602674330848
39,1989,Afghanistan,98.36070189550144
40,1990,Afghanistan,98.89046942207592
41,1991,Afghanistan,99.55702557493865
42,1992,Afghanistan,100.30219510497422
43,1993,Afghanistan,101.07210139238785
44,1994,Afghanistan,101.98829463957591
45,1995,Afghanistan,103.02846543835787
46,1996,Afghanistan,104.14390176229983
47,1997,Afghanistan,105.28866321664954
48,1998,Afghanistan,106.41901287143342
49,1999,Afghanistan,107.47247720576958
50,2000,Afghanistan,108.34663952390358
51,2001,Afghanistan,108.9898909377006
52,2002,Afghanistan,109.34716184042618
53,2003,Afghanistan,109.44752278277903
54,2004,Afghanistan,109.28682469690305
55,2005,Afghanistan,107.96460037516995
56,2006,Afghanistan,106.32619080490946
57,2007,Afghanistan,108.3381212153798
58,2008,Afghanistan,109.24037890061784
59,2009,Afghanistan,106.84577035739655
60,2010,Afghanistan,105.43342383853431
61,2011,Afghanistan,102.5859789285116
62,2012,Afghanistan,99.30035657430794
63,2013,Afghanistan,97.12553668792852
64,2014,Afghanistan,94.70670289114925
65,2015,Afghanistan,93.04244766403964
66,2016,Afghanistan,92.0121276918458
67,2017,Afghanistan,90.54309143309732
68,2018,Afghanistan,89.0914559996404
69,2019,Afghanistan,87.64931876107973
70,2020,Afghanistan,85.9595523188156
71,2021,Afghanistan,84.59925737162258
72,2022,Afghanistan,83.57035505031509
73,2023,Afghanistan,82.61590448653678
74,2024,Afghanistan,81.81908671696483
75,2025,Afghanistan,80.92315660106581
76,2026,Afghanistan,80.01967156453922
77,2027,Afghanistan,79.01195448064186
78,2028,Afghanistan,77.84975653872635
79,2029,Afghanistan,76.63508711557657
80,2030,Afghanistan,75.35919859983949
81,2031,Afghanistan,74.0768918145924
82,2032,Afghanistan,72.84505857136146
83,2033,Afghanistan,71.61435131731115
84,2034,Afghanistan,70.37192207803822
85,2035,Afghanistan,69.12445138071608
86,2036,Afghanistan,67.8520826017294
87,2037,Afghanistan,66.59953861505737
88,2038,Afghanistan,65.40257349208764
89,2039,Afghanistan,64.26025187450755
90,2040,Afghanistan,63.189788826408254
91,2041,Afghanistan,62.164250603019035
92,2042,Afghanistan,61.18285287293565
93,2043,Afghanistan,60.25786822154748
94,2044,Afghanistan,59.38392540588462
95,2045,Afghanistan,58.553259853392156
96,2046,Afghanistan,57.76734065914467
97,2047,Afghanistan,57.01619504029637
98,2048,Afghanistan,56.297154097711676
99,2049,Afghanistan,55.62309562928974
100,2050,Afghanistan,54.9967136929294
101,2051,Afghanistan,54.41389386521055
102,2052,Afghanistan,53.858329261292134
103,2053,Afghanistan,53.33754173719484
104,2054,Afghanistan,52.85853724548021
105,2055,Afghanistan,52.42121402166471
106,2056,Afghanistan,52.02072323004384
107,2057,Afghanistan,51.655585081911596
108,2058,Afghanistan,51.32796897681152
109,2059,Afghanistan,51.02549154355776
110,2060,Afghanistan,50.74690122019908
111,2061,Afghanistan,50.48904143655584
112,2062,Afghanistan,50.242488216048145
113,2063,Afghanistan,50.015538965473105
114,2064,Afghanistan,49.81818573492074
115,2065,Afghanistan,49.64064560837363
116,2066,Afghanistan,49.48083776036795
117,2067,Afghanistan,49.352656417493584
118,2068,Afghanistan,49.25155227307673
119,2069,Afghanistan,49.15540199099708
120,2070,Afghanistan,49.047204210254904
121,2071,Afghanistan,48.960311569951045
122,2072,Afghanistan,48.905355244574395
123,2073,Afghanistan,48.81720546514816
124,2074,Afghanistan,48.71662051052959
125,2075,Afghanistan,48.649600056899104
126,2076,Afghanistan,48.60489751043115
127,2077,Afghanistan,48.61950376983533
128,2078,Afghanistan,48.69223685062659
129,2079,Afghanistan,48.79335869773991
130,2080,Afghanistan,48.93723454207355
131,2081,Afghanistan,49.10015364394283
132,2082,Afghanistan,49.2584474107899
133,2083,Afghanistan,49.4300188741404
134,2084,Afghanistan,49.63252897062183
135,2085,Afghanistan,49.866560504501386
136,2086,Afghanistan,50.1315113208864
137,2087,Afghanistan,50.41238835013687
138,2088,Afghanistan,50.69276462558005
139,2089,Afghanistan,50.9758606315573
140,2090,Afghanistan,51.255661877157685
141,2091,Afghanistan,51.529323964276315
142,2092,Afghanistan,51.80150193591672
143,2093,Afghanistan,52.07722321897885
144,2094,Afghanistan,52.346778721692466
145,2095,Afghanistan,52.61452699363457
146,2096,Afghanistan,52.887689087370795
147,2097,Afghanistan,53.152947420392636
148,2098,Afghanistan,53.41220175753265
149,2099,Afghanistan,53.670994335774665
150,2100,Afghanistan,53.93492160978539
151,1950,Bangladesh,81.972082629824
152,1951,Bangladesh,81.23320950570174
153,1952,Bangladesh,80.65795620239328
154,1953,Bangladesh,80.29215578615003
155,1954,Bangladesh,80.1596660842416
156,1955,Bangladesh,80.23563459109191
157,1956,Bangladesh,80.46934217372524
158,1957,Bangladesh,80.84942772246902
159,1958,Bangladesh,81.43536551930453
160,1959,Bangladesh,82.09448390405966
161,1960,Bangladesh,82.72287543228896
162,1961,Bangladesh,83.43761312317885
163,1962,Bangladesh,84.30713495358607
164,1963,Bangladesh,85.41611298115701
165,1964,Bangladesh,86.73002084258836
166,1965,Bangladesh,87.8812944157399
167,1966,Bangladesh,88.83048584827107
168,1967,Bangladesh,89.73517800647309
169,1968,Bangladesh,90.56178064926247
170,1969,Bangladesh,91.40941422831243
171,1970,Bangladesh,92.06483417198244
172,1971,Bangladesh,92.82096818560808
173,1972,Bangladesh,93.73922012473679
174,1973,Bangladesh,94.33819773279993
175,1974,Bangladesh,94.70240597486116
176,1975,Bangladesh,94.60943343385073
177,1976,Bangladesh,94.24485863920151
178,1977,Bangladesh,94.02998352213179
179,1978,Bangladesh,93.96302918969943
180,1979,Bangladesh,94.04709141930493
181,1980,Bangladesh,94.24245398176105
182,1981,Bangladesh,94.39823568062926
183,1982,Bangladesh,94.35771734108368
184,1983,Bangladesh,94.0401254416097
185,1984,Bangladesh,93.479988848462
186,1985,Bangladesh,92.73792782607855
187,1986,Bangladesh,91.79487154465656
188,1987,Bangladesh,90.59945728512315
189,1988,Bangladesh,89.2516092881668
190,1989,Bangladesh,87.89900337122607
191,1990,Bangladesh,86.51502978544086
192,1991,Bangladesh,84.92919883069342
193,1992,Bangladesh,83.21554762754346
194,1993,Bangladesh,81.49482372034045
195,1994,Bangladesh,79.72145146391976
196,1995,Bangladesh,77.91081038154088
197,1996,Bangladesh,76.06498230682817
198,1997,Bangladesh,74.25906976451303
199,1998,Bangladesh,72.60113696039889
200,1999,Bangladesh,71.09289733620253
201,2000,Bangladesh,69.6918063592754
202,2001,Bangladesh,68.50638825884258
203,2002,Bangladesh,67.52426195063737
204,2003,Bangladesh,66.6270998648991
205,2004,Bangladesh,65.72782703497283
206,2005,Bangladesh,64.81457522625139
207,2006,Bangladesh,64.06675741620059
208,2007,Bangladesh,63.38867514730787
209,2008,Bangladesh,62.75268911071043
210,2009,Bangladesh,61.96239364735479
211,2010,Bangladesh,60.84629747624949
212,2011,Bangladesh,59.60078915214056
213,2012,Bangladesh,58.214342756017054
214,2013,Bangladesh,56.73103926397959
215,2014,Bangladesh,55.256359329310655
216,2015,Bangladesh,53.86646476100406
217,2016,Bangladesh,52.5465446269374
218,2017,Bangladesh,51.29175862098309
219,2018,Bangladesh,50.18933785720673
220,2019,Bangladesh,49.25527676495655
221,2020,Bangladesh,48.4012905361049
222,2021,Bangladesh,47.66707236773585
223,2022,Bangladesh,47.08819119763219
224,2023,Bangladesh,46.61569371646939
225,2024,Bangladesh,46.26094930802263
226,2025,Bangladesh,46.024293154048294
227,2026,Bangladesh,45.88907294042227
228,2027,Bangladesh,45.81316293564806
229,2028,Bangladesh,45.740732777497016
230,2029,Bangladesh,45.66639795137701
231,2030,Bangladesh,45.61025039971058
232,2031,Bangladesh,45.572704426877955
233,2032,Bangladesh,45.58969688318095
234,2033,Bangladesh,45.63980562729802
235,2034,Bangladesh,45.6735822073326
236,2035,Bangladesh,45.71244307294654
237,2036,Bangladesh,45.76997126818808
238,2037,Bangladesh,45.87055907701056
239,2038,Bangladesh,45.994358334147265
240,2039,Bangladesh,46.105541877536524
241,2040,Bangladesh,46.218609526146956
242,2041,Bangladesh,46.35281305105333
243,2042,Bangladesh,46.5264308948978
244,2043,Bangladesh,46.749132384038624
245,2044,Bangladesh,47.02829651461521
246,2045,Bangladesh,47.36884001380003
247,2046,Bangladesh,47.77399341371998
248,2047,Bangladesh,48.25240449564268
249,2048,Bangladesh,48.77703362425943
250,2049,Bangladesh,49.32976245085359
251,2050,Bangladesh,49.9307079788415
252,2051,Bangladesh,50.578035013139775
253,2052,Bangladesh,51.2762185013456
254,2053,Bangladesh,52.01865957756863
255,2054,Bangladesh,52.81319377097356
256,2055,Bangladesh,53.661812390101915
257,2056,Bangladesh,54.51849365112882
258,2057,Bangladesh,55.36419872521275
259,2058,Bangladesh,56.20560097676277
260,2059,Bangladesh,57.07696607832011
261,2060,Bangladesh,57.97408766097283
262,2061,Bangladesh,58.86913260392581
263,2062,Bangladesh,59.81502886484918
264,2063,Bangladesh,60.816546701114696
265,2064,Bangladesh,61.83612538204962
266,2065,Bangladesh,62.88278730129224
267,2066,Bangladesh,63.962910215463644
268,2067,Bangladesh,65.05771807410467
269,2068,Bangladesh,66.15190936538082
270,2069,Bangladesh,67.23067174479519
271,2070,Bangladesh,68.2463395285656
272,2071,Bangladesh,69.18451006138295
273,2072,Bangladesh,70.07382327570174
274,2073,Bangladesh,70.90572363527194
275,2074,Bangladesh,71.65232457765657
276,2075,Bangladesh,72.30494201525649
277,2076,Bangladesh,72.86587126014638
278,2077,Bangladesh,73.37062220070723
279,2078,Bangladesh,73.88030000184779
280,2079,Bangladesh,74.40339431986416
281,2080,Bangladesh,74.92207338415353
282,2081,Bangladesh,75.44924133671515
283,2082,Bangladesh,75.96565402771064
284,2083,Bangladesh,76.49612700093435
285,2084,Bangladesh,77.08067526598622
286,2085,Bangladesh,77.67761253725001
287,2086,Bangladesh,78.27312657342038
288,2087,Bangladesh,78.86904055893626
289,2088,Bangladesh,79.46193366276448
290,2089,Bangladesh,80.05881492544866
291,2090,Bangladesh,80.65307603062436
292,2091,Bangladesh,81.2324239956684
293,2092,Bangladesh,81.80007294970204
294,2093,Bangladesh,82.35270437087756
295,2094,Bangladesh,82.89200570996339
296,2095,Bangladesh,83.40567894925512
297,2096,Bangladesh,83.88802390899058
298,2097,Bangladesh,84.35030673981859
299,2098,Bangladesh,84.78502219303793
300,2099,Bangladesh,85.20200897379596
301,2100,Bangladesh,85.60602956052637
302,1950,Brazil,81.57116753201383
303,1951,Brazil,82.08990523774808
304,1952,Brazil,82.63789960034664
305,1953,Brazil,83.1774679873706
306,1954,Brazil,83.71461011085003
307,1955,Brazil,84.3062933891624
308,1956,Brazil,84.94015075030418
309,1957,Brazil,85.59533319457024
310,1958,Brazil,86.27036404451292
311,1959,Brazil,86.96671875279026
312,1960,Brazil,87.67449288676778
313,1961,Brazil,88.32600525337745
314,1962,Brazil,88.82198131928328
315,1963,Brazil,89.07306070416813
316,1964,Brazil,88.96574036093251
317,1965,Brazil,88.58241431426447
318,1966,Brazil,88.0715795780647
319,1967,Brazil,87.40966843452324
320,1968,Brazil,86.59292161685174
321,1969,Brazil,85.65096841028263
322,1970,Brazil,84.61985492657581
323,1971,Brazil,83.5261280222291
324,1972,Brazil,82.37539285872111
325,1973,Brazil,81.18139987618056
326,1974,Brazil,79.9430955915808
327,1975,Brazil,78.68548680037082
328,1976,Brazil,77.45057651284058
329,1977,Brazil,76.24170771610682
330,1978,Brazil,75.08046499330737
331,1979,Brazil,74.00697969478443
332,1980,Brazil,73.05209978625396
333,1981,Brazil,72.22658746404919
334,1982,Brazil,71.5176160508709
335,1983,Brazil,70.895261112861
336,1984,Brazil,70.30285477080993
337,1985,Brazil,69.68158176673246
338,1986,Brazil,69.01411698130778
339,1987,Brazil,68.30692088597047
340,1988,Brazil,67.54063023081565
341,1989,Brazil,66.7261123556359
342,1990,Brazil,65.85127637347566
343,1991,Brazil,64.89114534019336
344,1992,Brazil,63.84854929949031
345,1993,Brazil,62.743920270874895
346,1994,Brazil,61.603222947887524
347,1995,Brazil,60.437505622758415
348,1996,Brazil,59.25636472392165
349,1997,Brazil,58.07128055816467
350,1998,Brazil,56.90753488617695
351,1999,Brazil,55.76734866181607
352,2000,Brazil,54.64985147944446
353,2001,Brazil,53.58266831207489
354,2002,Brazil,52.56231520642126
355,2003,Brazil,51.57948409760545
356,2004,Brazil,50.671308828366236
357,2005,Brazil,49.85815779047391
358,2006,Brazil,49.110313060836056
359,2007,Brazil,48.402850190786076
360,2008,Brazil,47.70840396472433
361,2009,Brazil,47.01751093435733
362,2010,Brazil,46.332854880234464
363,2011,Brazil,45.66533539231587
364,2012,Brazil,45.03505806554715
365,2013,Brazil,44.45447738950073
366,2014,Brazil,43.99995562364726
367,2015,Brazil,43.68639979487236
368,2016,Brazil,43.41739224378012
369,2017,Brazil,43.217032467236386
370,2018,Brazil,43.15453519704619
371,2019,Brazil,43.14452887609127
372,2020,Brazil,43.113778725701486
373,2021,Brazil,43.10600925195019
374,2022,Brazil,43.159861818370196
375,2023,Brazil,43.298257361721596
376,2024,Brazil,43.50940945695168
377,2025,Brazil,43.75594009491183
378,2026,Brazil,44.03934944414698
379,2027,Brazil,44.366353595964924
380,2028,Brazil,44.73449424272546
381,2029,Brazil,45.096411026992705
382,2030,Brazil,45.42095216299205
383,2031,Brazil,45.77253341343902
384,2032,Brazil,46.13063216555898
385,2033,Brazil,46.43335917139233
386,2034,Brazil,46.752346140969806
387,2035,Brazil,47.156136273059815
388,2036,Brazil,47.62328214891028
389,2037,Brazil,48.125633116597044
390,2038,Brazil,48.661263222788435
391,2039,Brazil,49.219181676093534
392,2040,Brazil,49.8064415646326
393,2041,Brazil,50.430712945334456
394,2042,Brazil,51.1024265686831
395,2043,Brazil,51.83169206012286
396,2044,Brazil,52.62160422782245
397,2045,Brazil,53.46887310666958
398,2046,Brazil,54.369000145384604
399,2047,Brazil,55.32010959617305
400,2048,Brazil,56.30537898612482
401,2049,Brazil,57.30427177117237
402,2050,Brazil,58.30105181748932
403,2051,Brazil,59.28383041789572
404,2052,Brazil,60.255620175985634
405,2053,Brazil,61.216632837425536
406,2054,Brazil,62.1544597739311
407,2055,Brazil,63.065881154000344
408,2056,Brazil,63.95444225567054
409,2057,Brazil,64.822447235705
410,2058,Brazil,65.69388979372013
411,2059,Brazil,66.57632139561962
412,2060,Brazil,67.47117569779384
413,2061,Brazil,68.380607636212
414,2062,Brazil,69.29093112598437
415,2063,Brazil,70.2014469676979
416,2064,Brazil,71.08900575175866
417,2065,Brazil,71.93564336202927
418,2066,Brazil,72.73596014211687
419,2067,Brazil,73.46533337621011
420,2068,Brazil,74.09626928778124
421,2069,Brazil,74.68420003442158
422,2070,Brazil,75.27973889050713
423,2071,Brazil,75.8534795303564
424,2072,Brazil,76.36807503889675
425,2073,Brazil,76.81289435954685
426,2074,Brazil,77.23515089024036
427,2075,Brazil,77.65577130590461
428,2076,Brazil,78.07394095141325
429,2077,Brazil,78.47286903890047
430,2078,Brazil,78.83915677300605
431,2079,Brazil,79.23808030649691
432,2080,Brazil,79.70188316702676
433,2081,Brazil,80.12206457909011
434,2082,Brazil,80.51861681602982
435,2083,Brazil,80.99624055588748
436,2084,Brazil,81.45632343507236
437,2085,Brazil,81.80265922128899
438,2086,Brazil,82.0811895551856
439,2087,Brazil,82.34872037581115
440,2088,Brazil,82.61778502145326
441,2089,Brazil,82.89013966901106
442,2090,Brazil,83.16009277973725
443,2091,Brazil,83.43851157508969
444,2092,Brazil,83.7200721237858
445,2093,Brazil,83.99668196871552
446,2094,Brazil,84.26834759165214
447,2095,Brazil,84.5511357604062
448,2096,Brazil,84.85045597838466
449,2097,Brazil,85.15217053978414
450,2098,Brazil,85.44906987791938
451,2099,Brazil,85.7430714630064
452,2100,Brazil,86.03998904854845
453,1950,China,66.20915610585746
454,1951,China,67.241237171802
455,1952,China,68.75572453734458
456,1953,China,70.56345536223024
457,1954,China,72.43242272366301
458,1955,China,74.40948727829345
459,1956,China,76.02282705086854
460,1957,China,77.85639194884283
461,1958,China,79.78354699405872
462,1959,China,80.39458242241237
463,1960,China,79.57177364024236
464,1961,China,78.15700359996107
465,1962,China,78.05306321105418
466,1963,China,79.8813950733588
467,1964,China,81.57569991798573
468,1965,China,82.23168124847827
469,1966,China,82.41039118578783
470,1967,China,81.7830846923482
471,1968,China,81.16693428113325
472,1969,China,80.96197907490657
473,1970,China,80.52402709885096
474,1971,China,80.18820818069119
475,1972,China,79.48117701759746
476,1973,China,78.83123853580672
477,1974,China,79.064123324135
478,1975,China,79.50648095480108
479,1976,China,79.76281591042212
480,1977,China,78.43501132737389
481,1978,China,74.7692927139971
482,1979,China,71.05708965164612
483,1980,China,68.10963562792125
484,1981,China,65.52560724175143
485,1982,China,63.58033922377383
486,1983,China,61.37640706793659
487,1984,China,58.80794605324115
488,1985,China,56.57888338789571
489,1986,China,54.793170449701535
490,1987,China,53.585668480117576
491,1988,China,52.64233554236767
492,1989,China,52.00635381528473
493,1990,China,51.93035482632706
494,1991,China,51.86289831637886
495,1992,China,51.603329807176415
496,1993,China,51.39483872383532
497,1994,China,51.00996193869665
498,1995,China,50.42039376912646
499,1996,China,49.6393572944161
500,1997,China,48.58040231239401
501,1998,China,47.63393157394076
502,1999,China,46.83160744311001
503,2000,China,45.888556071182585
504,2001,China,44.727394056242595
505,2002,China,43.28138454002087
506,2003,China,41.84222640172346
507,2004,China,40.46390383656579
508,2005,China,39.03198879214834
509,2006,China,38.00775922116839
510,2007,China,37.51348931787252
511,2008,China,37.22402316035585
512,2009,China,37.103960470191396
513,2010,China,37.11989071159449
514,2011,China,37.27426741438014
515,2012,China,37.6567322637834
516,2013,China,38.2125459536525
517,2014,China,38.87739593780808
518,2015,China,39.61921768396668
519,2016,China,40.4578974488452
520,2017,China,41.5448916976285
521,2018,China,42.59355643831198
522,2019,China,43.43832780473829
523,2020,China,44.14078328251918
524,2021,China,44.545904637858065
525,2022,China,44.86239925106683
526,2023,China,45.042220057635554
527,2024,China,44.77340894492827
528,2025,China,44.251765649739376
529,2026,China,43.66467545933562
530,2027,China,43.451212846220635
531,2028,China,44.061219694945216
532,2029,China,44.87285692891555
533,2030,China,45.57066054579899
534,2031,China,46.25430391213352
535,2032,China,46.71453740412266
536,2033,China,47.518024842341816
537,2034,China,48.817816598629996
538,2035,China,50.39990108052257
539,2036,China,52.26236553854366
540,2037,China,54.116156543324266
541,2038,China,55.906780279055624
542,2039,China,57.566745297389645
543,2040,China,58.955182812808395
544,2041,China,60.1186724469408
545,2042,China,61.1136610684397
546,2043,China,61.99959765192688
547,2044,China,62.981918410734494
548,2045,China,64.1192026029378
549,2046,China,65.39633900728218
550,2047,China,66.91038878764837
551,2048,China,68.33387491580194
552,2049,China,69.59695121422885
553,2050,China,71.05586901218372
554,2051,China,72.78761760488611
555,2052,China,74.83824721926453
556,2053,China,76.90315974042922
557,2054,China,78.91656331194275
558,2055,China,81.13436458450792
559,2056,China,82.862411670581
560,2057,China,83.76026115613739
561,2058,China,84.34846602029015
562,2059,China,84.73799135111284
563,2060,China,84.98493148933741
564,2061,China,85.11449946222093
565,2062,China,85.12676335669342
566,2063,China,85.0690792763853
567,2064,China,85.00439724939548
568,2065,China,85.10476588852856
569,2066,China,85.30089712397691
570,2067,China,85.4802111039575
571,2068,China,85.74463894884727
572,2069,China,86.15947325233597
573,2070,China,86.77483244798002
574,2071,China,87.5884199086703
575,2072,China,88.62084198188202
576,2073,China,89.89403476591977
577,2074,China,91.40515077085207
578,2075,China,93.05165011051216
579,2076,China,94.73960249109234
580,2077,China,96.74040142229659
581,2078,China,98.9151595590267
582,2079,China,101.08779137701198
583,2080,China,103.19926454375718
584,2081,China,105.31481336879274
585,2082,China,107.73061992341178
586,2083,China,109.65801123673917
587,2084,China,110.82063653518574
588,2085,China,111.28317657611086
589,2086,China,110.90821775307961
590,2087,China,110.20622588171317
591,2088,China,109.48429962647808
592,2089,China,108.76123971752673
593,2090,China,108.03640834292668
594,2091,China,107.31938254107317
595,2092,China,106.62266600833541
596,2093,China,105.94876613719171
597,2094,China,105.30862536471177
598,2095,China,104.718589214099
599,2096,China,104.1826627075813
600,2097,China,103.7099788495997
601,2098,China,103.32072751973138
602,2099,China,103.01345663408415
603,2100,China,102.78969660647488
604,1950,India,69.53689493406637
605,1951,India,69.99668137803306
606,1952,India,70.58328951165747
607,1953,India,71.317070699347
608,1954,India,72.17030620767025
609,1955,India,73.1012735734766
610,1956,India,74.06309535865994
611,1957,India,75.02234913639766
612,1958,India,76.00229903482133
613,1959,India,76.99163385098322
614,1960,India,77.9742777788062
615,1961,India,78.97333960990471
616,1962,India,79.99751832124203
617,1963,India,81.0127362627384
618,1964,India,81.64474171621498
619,1965,India,81.79666518688327
620,1966,India,81.76475905459645
621,1967,India,81.59826360901702
622,1968,India,81.35813673528428
623,1969,India,81.07479443827779
624,1970,India,80.72556948742935
625,1971,India,80.38548138649615
626,1972,India,80.06327461669613
627,1973,India,79.74505575004409
628,1974,India,79.46074056695835
629,1975,India,79.15337641240089
630,1976,India,78.82077636864612
631,1977,India,78.41968459059963
632,1978,India,77.9242896474627
633,1979,India,77.4335794311016
634,1980,India,76.99499945104701
635,1981,India,76.61424906246349
636,1982,India,76.23945724356199
637,1983,India,75.83359284250251
638,1984,India,75.43863176048588
639,1985,India,75.05170971155412
640,1986,India,74.65804989866693
641,1987,India,74.225791433981
642,1988,India,73.71668489743122
643,1989,India,73.15103192161487
644,1990,India,72.55431446007546
645,1991,India,71.95759784016703
646,1992,India,71.38078277844596
647,1993,India,70.80648613135648
648,1994,India,70.18678847141858
649,1995,India,69.50172818952322
650,1996,India,68.74888934105692
651,1997,India,67.95142119843814
652,1998,India,67.13037757923213
653,1999,India,66.27117489070994
654,2000,India,65.40816682254037
655,2001,India,64.55324312811534
656,2002,India,63.703788619264245
657,2003,India,62.85041443703627
658,2004,India,61.96232141945591
659,2005,India,61.05733451729427
660,2006,India,60.12096466958181
661,2007,India,59.15501638831371
662,2008,India,58.205611251423726
663,2009,India,57.28110808333421
664,2010,India,56.35915816533363
665,2011,India,55.446591753487255
666,2012,India,54.557495786042196
667,2013,India,53.695134913526886
668,2014,India,52.89442858997988
669,2015,India,52.148100630433326
670,2016,India,51.409734018888706
671,2017,India,50.684828203990264
672,2018,India,50.018928063794846
673,2019,India,49.40102936833654
674,2020,India,48.775548078992095
675,2021,India,48.126325539596024
676,2022,India,47.49861630132891
677,2023,India,46.99924766056478
678,2024,India,46.60135137800933
679,2025,India,46.236823389600964
680,2026,India,45.91797167863524
681,2027,India,45.646478774990875
682,2028,India,45.42492902432079
683,2029,India,45.282229151844966
684,2030,India,45.19988323736916
685,2031,India,45.122135476044456
686,2032,India,45.086962784076576
687,2033,India,45.100651949751935
688,2034,India,45.158630195384205
689,2035,India,45.28342170243259
690,2036,India,45.444759225021656
691,2037,India,45.622826807888146
692,2038,India,45.81694398309671
693,2039,India,46.02041595350933
694,2040,India,46.22326665533391
695,2041,India,46.43782764357669
696,2042,India,46.66268067170267
697,2043,India,46.88522866225106
698,2044,India,47.12713997773177
699,2045,India,47.40492572766748
700,2046,India,47.7229830748927
701,2047,India,48.06992482087792
702,2048,India,48.44641482598591
703,2049,India,48.86246599552949
704,2050,India,49.30950225318224
705,2051,India,49.798195158705774
706,2052,India,50.31744888224991
707,2053,India,50.847025624841066
708,2054,India,51.40187219770179
709,2055,India,51.978383478832725
710,2056,India,52.58008105019645
711,2057,India,53.21595481220468
712,2058,India,53.87967291212272
713,2059,India,54.573506808554995
714,2060,India,55.29718894371417
715,2061,India,56.04301260366683
716,2062,India,56.811242310575416
717,2063,India,57.597255769297696
718,2064,India,58.39825181886029
719,2065,India,59.229468850614694
720,2066,India,60.10083678375467
721,2067,India,60.98638968743752
722,2068,India,61.857243972693674
723,2069,India,62.707453263432086
724,2070,India,63.51698828166765
725,2071,India,64.27184972649401
726,2072,India,64.98911544624126
727,2073,India,65.69281689156219
728,2074,India,66.39880258755947
729,2075,India,67.095404118203
730,2076,India,67.76506025681535
731,2077,India,68.39928483602782
732,2078,India,68.99402224850068
733,2079,India,69.5174185547416
734,2080,India,69.987364491563
735,2081,India,70.4630074031221
736,2082,India,70.91247473261909
737,2083,India,71.33579052503084
738,2084,India,71.72268942274924
739,2085,India,72.04572573116657
740,2086,India,72.35350765290009
741,2087,India,72.67440312492818
742,2088,India,73.00759385547153
743,2089,India,73.35821929741464
744,2090,India,73.72844632462349
745,2091,India,74.10661293740405
746,2092,India,74.49051505842093
747,2093,India,74.88855465170053
748,2094,India,75.29342022850022
749,2095,India,75.70740090668497
750,2096,India,76.12802295590927
751,2097,India,76.54330176810676
752,2098,India,76.94680025543188
753,2099,India,77.34226665579752
754,2100,India,77.73674585713391
755,1950,Indonesia,75.49640701252346
756,1951,Indonesia,74.05795504310296
757,1952,Indonesia,72.86050818647266
758,1953,Indonesia,71.95764726497603
759,1954,Indonesia,71.34660057752531
760,1955,Indonesia,70.9926607426428
761,1956,Indonesia,70.89814935795556
762,1957,Indonesia,71.06431230786515
763,1958,Indonesia,71.48341002225574
764,1959,Indonesia,72.13307340569833
765,1960,Indonesia,72.99257764092928
766,1961,Indonesia,74.00689620895511
767,1962,Indonesia,75.1710376392446
768,1963,Indonesia,76.48291284036173
769,1964,Indonesia,77.86057534720013
770,1965,Indonesia,79.31367467965683
771,1966,Indonesia,80.75315682168373
772,1967,Indonesia,81.98948974426828
773,1968,Indonesia,82.91445923868515
774,1969,Indonesia,83.53585569700314
775,1970,Indonesia,83.93681121354328
776,1971,Indonesia,84.12111632433766
777,1972,Indonesia,84.10024872610192
778,1973,Indonesia,83.91438856992718
779,1974,Indonesia,83.55517240491316
780,1975,Indonesia,83.02974913110077
781,1976,Indonesia,82.37523660335843
782,1977,Indonesia,81.60755815709274
783,1978,Indonesia,80.76249348083718
784,1979,Indonesia,79.849789786009
785,1980,Indonesia,78.8541348532652
786,1981,Indonesia,77.76617108701403
787,1982,Indonesia,76.62560926790111
788,1983,Indonesia,75.46261996474274
789,1984,Indonesia,74.25392783121372
790,1985,Indonesia,72.94771980713153
791,1986,Indonesia,71.54543489666774
792,1987,Indonesia,70.13516217915769
793,1988,Indonesia,68.7569771358017
794,1989,Indonesia,67.42268109814744
795,1990,Indonesia,66.10560075126179
796,1991,Indonesia,64.83208831583579
797,1992,Indonesia,63.60778322671645
798,1993,Indonesia,62.388676028694604
799,1994,Indonesia,61.20332926206341
800,1995,Indonesia,60.072083274577395
801,1996,Indonesia,59.01221586754747
802,1997,Indonesia,58.01306736702125
803,1998,Indonesia,57.05329514108551
804,1999,Indonesia,56.13451579162063
805,2000,Indonesia,55.33585262108254
806,2001,Indonesia,54.702119249890025
807,2002,Indonesia,54.144726329900664
808,2003,Indonesia,53.602138789503094
809,2004,Indonesia,53.083689867683994
810,2005,Indonesia,52.64591943031795
811,2006,Indonesia,52.266941125947895
812,2007,Indonesia,51.94440225443117
813,2008,Indonesia,51.675732016719046
814,2009,Indonesia,51.38336213850406
815,2010,Indonesia,51.0581036446939
816,2011,Indonesia,50.73653094851702
817,2012,Indonesia,50.41081962825028
818,2013,Indonesia,50.05879110605434
819,2014,Indonesia,49.71880368692145
820,2015,Indonesia,49.39038588121498
821,2016,Indonesia,49.067613042970436
822,2017,Indonesia,48.77080039603128
823,2018,Indonesia,48.50598430391574
824,2019,Indonesia,48.27178316008469
825,2020,Indonesia,47.991288644909076
826,2021,Indonesia,47.61480416817935
827,2022,Indonesia,47.196606961056666
828,2023,Indonesia,46.85728788970421
829,2024,Indonesia,46.625225030414725
830,2025,Indonesia,46.43751791771335
831,2026,Indonesia,46.245498778234996
832,2027,Indonesia,46.04394977292866
833,2028,Indonesia,45.912489436856866
834,2029,Indonesia,45.868932412802295
835,2030,Indonesia,45.89848001202744
836,2031,Indonesia,46.00290786868479
837,2032,Indonesia,46.17435065334545
838,2033,Indonesia,46.39760943336586
839,2034,Indonesia,46.653342558270225
840,2035,Indonesia,46.938986656026685
841,2036,Indonesia,47.25343537117437
842,2037,Indonesia,47.59151345191053
843,2038,Indonesia,47.95628697046497
844,2039,Indonesia,48.3340902252263
845,2040,Indonesia,48.71465594638103
846,2041,Indonesia,49.10311776824852
847,2042,Indonesia,49.4988691715032
848,2043,Indonesia,49.901546896641165
849,2044,Indonesia,50.3037676663637
850,2045,Indonesia,50.69762195139367
851,2046,Indonesia,51.08246610838749
852,2047,Indonesia,51.46293812087779
853,2048,Indonesia,51.82297796330908
854,2049,Indonesia,52.151913375928714
855,2050,Indonesia,52.416259501479004
856,2051,Indonesia,52.59273311246824
857,2052,Indonesia,52.731340383703
858,2053,Indonesia,52.86116056741884
859,2054,Indonesia,52.97653073825772
860,2055,Indonesia,53.068070299580995
861,2056,Indonesia,53.16275818609849
862,2057,Indonesia,53.2604582664602
863,2058,Indonesia,53.350254367339836
864,2059,Indonesia,53.46905215314921
865,2060,Indonesia,53.62535656638033
866,2061,Indonesia,53.81441412388721
867,2062,Indonesia,54.04095162518825
868,2063,Indonesia,54.287177116744026
869,2064,Indonesia,54.52129913823538
870,2065,Indonesia,54.753440319859315
871,2066,Indonesia,55.00064690509691
872,2067,Indonesia,55.25852827170132
873,2068,Indonesia,55.52881692293581
874,2069,Indonesia,55.82008565797155
875,2070,Indonesia,56.153910482323944
876,2071,Indonesia,56.54620311273523
877,2072,Indonesia,57.00695548002738
878,2073,Indonesia,57.51010515609962
879,2074,Indonesia,58.018706481115345
880,2075,Indonesia,58.53381918090573
881,2076,Indonesia,59.09077580401008
882,2077,Indonesia,59.68837947077405
883,2078,Indonesia,60.25350944925434
884,2079,Indonesia,60.763920611222986
885,2080,Indonesia,61.23694135390521
886,2081,Indonesia,61.67439880907152
887,2082,Indonesia,62.062833327282085
888,2083,Indonesia,62.409099314297144
889,2084,Indonesia,62.74109775680239
890,2085,Indonesia,63.05735150402123
891,2086,Indonesia,63.350463974981366
892,2087,Indonesia,63.627623702576464
893,2088,Indonesia,63.89616596978522
894,2089,Indonesia,64.15835150736811
895,2090,Indonesia,64.42191125674636
896,2091,Indonesia,64.69027817788225
897,2092,Indonesia,64.96292116038026
898,2093,Indonesia,65.24359076781843
899,2094,Indonesia,65.5388737983256
900,2095,Indonesia,65.8474000554297
901,2096,Indonesia,66.16402962944778
902,2097,Indonesia,66.49072563339288
903,2098,Indonesia,66.83517881110365
904,2099,Indonesia,67.1952575172862
905,2100,Indonesia,67.57361911319076
906,1950,Japan,67.4307368937038
907,1951,Japan,66.45769606342637
908,1952,Japan,65.34276284091528
909,1953,Japan,64.35865384024028
910,1954,Japan,63.48191600149223
911,1955,Japan,62.3234326017877
912,1956,Japan,60.58964713120565
913,1957,Japan,58.63395727718617
914,1958,Japan,56.89585260237728
915,1959,Japan,55.471984716770486
916,1960,Japan,54.54412232396311
917,1961,Japan,53.819378298302226
918,1962,Japan,52.188790338494705
919,1963,Japan,49.86428771217686
920,1964,Japan,47.709943868419316
921,1965,Japan,46.19672052092898
922,1966,Japan,45.111927139870495
923,1967,Japan,44.44805536656192
924,1968,Japan,44.316251872083825
925,1969,Japan,44.289594414271775
926,1970,Japan,44.36261003648217
927,1971,Japan,44.596452174156994
928,1972,Japan,45.134293715015154
929,1973,Japan,45.82457632108409
930,1974,Japan,46.46472489767658
931,1975,Japan,47.02406018667284
932,1976,Japan,47.46236053653626
933,1977,Japan,47.80074216989358
934,1978,Japan,48.009305338845095
935,1979,Japan,48.06229788654022
936,1980,Japan,47.91884155484345
937,1981,Japan,47.98486494765018
938,1982,Japan,47.90310516485265
939,1983,Japan,47.36683464963199
940,1984,Japan,46.8445610693891
941,1985,Japan,46.35699958766075
942,1986,Japan,45.81103910674975
943,1987,Japan,45.16629409510915
944,1988,Japan,44.478681410959254
945,1989,Japan,43.84072065187753
946,1990,Japan,43.41753642924215
947,1991,Japan,43.2501971098878
948,1992,Japan,43.26612881036519
949,1993,Japan,43.37584431587162
950,1994,Japan,43.622729832592626
951,1995,Japan,43.996774909504474
952,1996,Japan,44.52652453207989
953,1997,Japan,45.206278737870065
954,1998,Japan,45.92037009694563
955,1999,Japan,46.63653973115964
956,2000,Japan,47.443415704581646
957,2001,Japan,48.41404534608485
958,2002,Japan,49.405675505557404
959,2003,Japan,50.27333655745212
960,2004,Japan,51.08520703715767
961,2005,Japan,52.08953298713721
962,2006,Japan,53.39086008761708
963,2007,Japan,54.809900174214654
964,2008,Japan,56.18023615258827
965,2009,Japan,57.391225173953885
966,2010,Japan,58.23017162484264
967,2011,Japan,58.94604740724273
968,2012,Japan,60.39257990754303
969,2013,Japan,62.55846362623462
970,2014,Japan,64.80144288470517
971,2015,Japan,66.67133997889333
972,2016,Japan,68.04182472211302
973,2017,Japan,69.10469463039789
974,2018,Japan,69.90120565983054
975,2019,Japan,70.5084005715283
976,2020,Japan,70.93691494521384
977,2021,Japan,71.11876725747538
978,2022,Japan,71.07846328973709
979,2023,Japan,71.04694615242738
980,2024,Japan,71.09722379125786
981,2025,Japan,71.1429126460431
982,2026,Japan,71.21575366070807
983,2027,Japan,71.36390998778786
984,2028,Japan,71.61480110038941
985,2029,Japan,72.02573897871048
986,2030,Japan,72.57969639683525
987,2031,Japan,72.80594104584168
988,2032,Japan,73.32288980640533
989,2033,Japan,74.49185206588885
990,2034,Japan,75.70191627181266
991,2035,Japan,77.02666363105385
992,2036,Japan,78.5040043647776
993,2037,Japan,80.19184627856252
994,2038,Japan,82.10212478107839
995,2039,Japan,84.07435204158095
996,2040,Japan,85.86869185035144
997,2041,Japan,87.42775416763476
998,2042,Japan,88.7823962880461
999,2043,Japan,89.9741682031003
1000,2044,Japan,91.0080324605526
1001,2045,Japan,91.87656517697967
1002,2046,Japan,92.56238941923768
1003,2047,Japan,93.12573792170915
1004,2048,Japan,93.67434778315815
1005,2049,Japan,94.20668349110218
1006,2050,Japan,94.68558978178045
1007,2051,Japan,95.05133848917703
1008,2052,Japan,95.3595212326638
1009,2053,Japan,95.66755435541576
1010,2054,Japan,95.87321106596592
1011,2055,Japan,95.94670365780944
1012,2056,Japan,95.98661751381246
1013,2057,Japan,96.02272707550932
1014,2058,Japan,96.03737187113751
1015,2059,Japan,96.13427876685817
1016,2060,Japan,96.26111856650422
1017,2061,Japan,96.38749699205479
1018,2062,Japan,96.57570110358802
1019,2063,Japan,96.79873750561464
1020,2064,Japan,97.03422069876326
1021,2065,Japan,97.31546783572456
1022,2066,Japan,97.62192857191361
1023,2067,Japan,97.87413901152662
1024,2068,Japan,98.08130375401498
1025,2069,Japan,98.25521014739628
1026,2070,Japan,98.3977463668952
1027,2071,Japan,98.57115482521935
1028,2072,Japan,98.83541953859182
1029,2073,Japan,99.15807512944575
1030,2074,Japan,99.50473093220036
1031,2075,Japan,99.85671694235194
1032,2076,Japan,100.18279893249678
1033,2077,Japan,100.48288055197841
1034,2078,Japan,100.81332634806878
1035,2079,Japan,101.13691992773306
1036,2080,Japan,101.44917308212405
1037,2081,Japan,101.7265122913741
1038,2082,Japan,101.80210362418451
1039,2083,Japan,101.6688731320745
1040,2084,Japan,101.41002028237305
1041,2085,Japan,101.10947864827267
1042,2086,Japan,100.82896671882276
1043,2087,Japan,100.54661741235937
1044,2088,Japan,100.28852840433066
1045,2089,Japan,100.05825497916602
1046,2090,Japan,99.84646601976017
1047,2091,Japan,99.66821506933319
1048,2092,Japan,99.5320816048024
1049,2093,Japan,99.43269321037191
1050,2094,Japan,99.37226361449835
1051,2095,Japan,99.35044388387561
1052,2096,Japan,99.35558510052905
1053,2097,Japan,99.39377011235024
1054,2098,Japan,99.47742167673866
1055,2099,Japan,99.59567082888614
1056,2100,Japan,99.7415694500251
1057,1950,Mexico,89.13262210216472
1058,1951,Mexico,90.1260960618186
1059,1952,Mexico,91.25387466791204
1060,1953,Mexico,92.41140035528443
1061,1954,Mexico,93.49233586495671
1062,1955,Mexico,94.4501911710969
1063,1956,Mexico,95.24486191834963
1064,1957,Mexico,95.92176928588036
1065,1958,Mexico,96.58083159326998
1066,1959,Mexico,97.21533114421523
1067,1960,Mexico,97.91503581733937
1068,1961,Mexico,98.63907994896618
1069,1962,Mexico,99.23077335101469
1070,1963,Mexico,99.65017878056204
1071,1964,Mexico,100.01072785340031
1072,1965,Mexico,100.47142080830741
1073,1966,Mexico,100.95688280295052
1074,1967,Mexico,101.35274515825468
1075,1968,Mexico,101.65584902843683
1076,1969,Mexico,101.88407868019591
1077,1970,Mexico,102.01783413484114
1078,1971,Mexico,101.73211103591926
1079,1972,Mexico,101.07883098752663
1080,1973,Mexico,100.39711342568096
1081,1974,Mexico,99.67063532727096
1082,1975,Mexico,98.90173434107432
1083,1976,Mexico,98.07217043319706
1084,1977,Mexico,97.12541227741771
1085,1978,Mexico,96.02149022161505
1086,1979,Mexico,94.72975966915878
1087,1980,Mexico,93.21831265097325
1088,1981,Mexico,91.5602333526534
1089,1982,Mexico,89.89415297452527
1090,1983,Mexico,88.22741173692104
1091,1984,Mexico,86.53036653301005
1092,1985,Mexico,84.83121686235656
1093,1986,Mexico,83.08222677350237
1094,1987,Mexico,81.25477561678325
1095,1988,Mexico,79.44011882640064
1096,1989,Mexico,77.68698256177754
1097,1990,Mexico,75.92369412161977
1098,1991,Mexico,74.18946397734706
1099,1992,Mexico,72.65380511753318
1100,1993,Mexico,71.36407756909814
1101,1994,Mexico,70.23343722077445
1102,1995,Mexico,69.21168748816942
1103,1996,Mexico,68.24233619893072
1104,1997,Mexico,67.27409188424471
1105,1998,Mexico,66.34647431780039
1106,1999,Mexico,65.45402888053131
1107,2000,Mexico,64.59095016534656
1108,2001,Mexico,63.78814917719574
1109,2002,Mexico,63.01354173372774
1110,2003,Mexico,62.249320375628194
1111,2004,Mexico,61.44251302203965
1112,2005,Mexico,60.57318066061003
1113,2006,Mexico,59.691027650243434
1114,2007,Mexico,58.82333208494971
1115,2008,Mexico,58.00059367359561
1116,2009,Mexico,57.207243886599265
1117,2010,Mexico,56.38445912108083
1118,2011,Mexico,55.6462986242391
1119,2012,Mexico,54.98575331880361
1120,2013,Mexico,54.28527713756799
1121,2014,Mexico,53.57964506768407
1122,2015,Mexico,52.89142135043171
1123,2016,Mexico,52.26845202821042
1124,2017,Mexico,51.719271088491695
1125,2018,Mexico,51.20120594355983
1126,2019,Mexico,50.6474064803913
1127,2020,Mexico,50.055610048707045
1128,2021,Mexico,49.44728537743971
1129,2022,Mexico,48.876502751662514
1130,2023,Mexico,48.384454125422245
1131,2024,Mexico,47.93791016161342
1132,2025,Mexico,47.538864852055
1133,2026,Mexico,47.18713771088073
1134,2027,Mexico,46.888526289248205
1135,2028,Mexico,46.649804341016136
1136,2029,Mexico,46.48024073674333
1137,2030,Mexico,46.38256983583543
1138,2031,Mexico,46.37002360539328
1139,2032,Mexico,46.45989611680877
1140,2033,Mexico,46.663974754303595
1141,2034,Mexico,46.9785026527847
1142,2035,Mexico,47.34660704876513
1143,2036,Mexico,47.79325480213261
1144,2037,Mexico,48.32235992515414
1145,2038,Mexico,48.865538315096394
1146,2039,Mexico,49.41026234712048
1147,2040,Mexico,49.955756434684
1148,2041,Mexico,50.51012040439499
1149,2042,Mexico,51.071643602522784
1150,2043,Mexico,51.62798696116931
1151,2044,Mexico,52.16938907009771
1152,2045,Mexico,52.692320699868525
1153,2046,Mexico,53.2038993561709
1154,2047,Mexico,53.71440966404614
1155,2048,Mexico,54.21921726951949
1156,2049,Mexico,54.716930135845324
1157,2050,Mexico,55.22808657747626
1158,2051,Mexico,55.75541610694773
1159,2052,Mexico,56.295118753274885
1160,2053,Mexico,56.860107199534184
1161,2054,Mexico,57.459308692476874
1162,2055,Mexico,58.0897502061463
1163,2056,Mexico,58.75252819733069
1164,2057,Mexico,59.448265692392674
1165,2058,Mexico,60.17902313356467
1166,2059,Mexico,60.94226384094934
1167,2060,Mexico,61.720053514226805
1168,2061,Mexico,62.50170300762116
1169,2062,Mexico,63.29328194279783
1170,2063,Mexico,64.11911226982278
1171,2064,Mexico,64.9812398073056
1172,2065,Mexico,65.8661628683838
1173,2066,Mexico,66.76752554306373
1174,2067,Mexico,67.68375332083232
1175,2068,Mexico,68.61866706258965
1176,2069,Mexico,69.56194317256382
1177,2070,Mexico,70.50240744627227
1178,2071,Mexico,71.44525563739876
1179,2072,Mexico,72.39734387138643
1180,2073,Mexico,73.35769332047234
1181,2074,Mexico,74.33045268954804
1182,2075,Mexico,75.30739050182895
1183,2076,Mexico,76.28603873442252
1184,2077,Mexico,77.25912775887421
1185,2078,Mexico,78.21637540996858
1186,2079,Mexico,79.15550111058609
1187,2080,Mexico,80.06662675740321
1188,2081,Mexico,80.93841814121573
1189,2082,Mexico,81.7319963366663
1190,2083,Mexico,82.40186485555138
1191,2084,Mexico,82.9533541745891
1192,2085,Mexico,83.45949346635294
1193,2086,Mexico,83.88742485661697
1194,2087,Mexico,84.22764665397114
1195,2088,Mexico,84.56752871466308
1196,2089,Mexico,84.91785896489742
1197,2090,Mexico,85.28354231889473
1198,2091,Mexico,85.65916997609133
1199,2092,Mexico,86.03174030174489
1200,2093,Mexico,86.41141382779429
1201,2094,Mexico,86.81382078853223
1202,2095,Mexico,87.24433079482633
1203,2096,Mexico,87.70016129726814
1204,2097,Mexico,88.1885592845718
1205,2098,Mexico,88.6889847966171
1206,2099,Mexico,89.20255434032262
1207,2100,Mexico,89.73274929014286
1208,1950,Nigeria,80.43293626012263
1209,1951,Nigeria,80.21576869192273
1210,1952,Nigeria,79.99832138872321
1211,1953,Nigeria,79.8338097567898
1212,1954,Nigeria,79.73652515136696
1213,1955,Nigeria,79.6840325524673
1214,1956,Nigeria,79.66629869168455
1215,1957,Nigeria,79.66421845370964
1216,1958,Nigeria,79.69666787913579
1217,1959,Nigeria,79.69784816382575
1218,1960,Nigeria,79.63657136574113
1219,1961,Nigeria,79.60358240457414
1220,1962,Nigeria,79.67981911153444
1221,1963,Nigeria,80.0037338794132
1222,1964,Nigeria,80.63972449301585
1223,1965,Nigeria,81.22036103128035
1224,1966,Nigeria,81.61705266710851
1225,1967,Nigeria,82.01869633756874
1226,1968,Nigeria,82.4225798125714
1227,1969,Nigeria,82.83766600378279
1228,1970,Nigeria,83.22856270768256
1229,1971,Nigeria,83.6785662077456
1230,1972,Nigeria,84.22016947423461
1231,1973,Nigeria,84.792806586468
1232,1974,Nigeria,85.41363084273922
1233,1975,Nigeria,86.06884551649308
1234,1976,Nigeria,86.74879649524662
1235,1977,Nigeria,87.40504250787124
1236,1978,Nigeria,88.08014575213473
1237,1979,Nigeria,88.78618401724688
1238,1980,Nigeria,89.4251430365303
1239,1981,Nigeria,90.09292847578928
1240,1982,Nigeria,90.82694589167603
1241,1983,Nigeria,91.59178639847669
1242,1984,Nigeria,92.24697265723329
1243,1985,Nigeria,92.70525924583617
1244,1986,Nigeria,93.00033506868084
1245,1987,Nigeria,93.07008924505794
1246,1988,Nigeria,92.9277075103722
1247,1989,Nigeria,92.61771780416991
1248,1990,Nigeria,92.14907732608249
1249,1991,Nigeria,91.62820294985113
1250,1992,Nigeria,91.06590954642341
1251,1993,Nigeria,90.40623066767174
1252,1994,Nigeria,89.7211451741997
1253,1995,Nigeria,89.09151944248177
1254,1996,Nigeria,88.52484740936397
1255,1997,Nigeria,87.96950260736219
1256,1998,Nigeria,87.43182156147206
1257,1999,Nigeria,87.03978986887148
1258,2000,Nigeria,86.88352355656926
1259,2001,Nigeria,86.91983164563051
1260,2002,Nigeria,87.11064120357938
1261,2003,Nigeria,87.41564101313625
1262,2004,Nigeria,87.74206015775367
1263,2005,Nigeria,88.10125306267977
1264,2006,Nigeria,88.51555500442058
1265,2007,Nigeria,88.92249189145257
1266,2008,Nigeria,89.31655357130866
1267,2009,Nigeria,89.6743345764586
1268,2010,Nigeria,89.94405889650749
1269,2011,Nigeria,90.12989688237519
1270,2012,Nigeria,90.25184580893587
1271,2013,Nigeria,90.27969416006977
1272,2014,Nigeria,90.15230145413086
1273,2015,Nigeria,89.89683432350805
1274,2016,Nigeria,89.51834120025038
1275,2017,Nigeria,88.9685534879262
1276,2018,Nigeria,88.33485331763094
1277,2019,Nigeria,87.68050082649141
1278,2020,Nigeria,86.93132370040733
1279,2021,Nigeria,86.10763636760683
1280,2022,Nigeria,85.2506985866075
1281,2023,Nigeria,84.32561887970847
1282,2024,Nigeria,83.36446264727785
1283,2025,Nigeria,82.3905049414106
1284,2026,Nigeria,81.39985897472833
1285,2027,Nigeria,80.42096019451914
1286,2028,Nigeria,79.48043756206317
1287,2029,Nigeria,78.5788183294491
1288,2030,Nigeria,77.70138935894838
1289,2031,Nigeria,76.82845362235385
1290,2032,Nigeria,75.9478021473258
1291,2033,Nigeria,75.05869499236721
1292,2034,Nigeria,74.16708985991592
1293,2035,Nigeria,73.2636357701389
1294,2036,Nigeria,72.34561358672124
1295,2037,Nigeria,71.43894086507323
1296,2038,Nigeria,70.55576212753239
1297,2039,Nigeria,69.67188591876692
1298,2040,Nigeria,68.78533785611309
1299,2041,Nigeria,67.90974664973739
1300,2042,Nigeria,67.0323357477463
1301,2043,Nigeria,66.1574487055806
1302,2044,Nigeria,65.28722564554043
1303,2045,Nigeria,64.40959853235326
1304,2046,Nigeria,63.52547721589683
1305,2047,Nigeria,62.64880617650888
1306,2048,Nigeria,61.79069306553423
1307,2049,Nigeria,60.93681621245706
1308,2050,Nigeria,60.09999300829464
1309,2051,Nigeria,59.2799734702543
1310,2052,Nigeria,58.455116676916255
1311,2053,Nigeria,57.62406137408607
1312,2054,Nigeria,56.809275152068004
1313,2055,Nigeria,56.034305746364154
1314,2056,Nigeria,55.29163215684808
1315,2057,Nigeria,54.58788916764347
1316,2058,Nigeria,53.921968350492776
1317,2059,Nigeria,53.278565405827905
1318,2060,Nigeria,52.676471614747136
1319,2061,Nigeria,52.130191274767135
1320,2062,Nigeria,51.629557894912836
1321,2063,Nigeria,51.153233836998105
1322,2064,Nigeria,50.70937296111826
1323,2065,Nigeria,50.29924963146774
1324,2066,Nigeria,49.92082972580394
1325,2067,Nigeria,49.599086535929885
1326,2068,Nigeria,49.327541322606535
1327,2069,Nigeria,49.08649485302381
1328,2070,Nigeria,48.86500747822558
1329,2071,Nigeria,48.660326774505286
1330,2072,Nigeria,48.48412627677829
1331,2073,Nigeria,48.34547114718893
1332,2074,Nigeria,48.238855163886996
1333,2075,Nigeria,48.14789735240812
1334,2076,Nigeria,48.05767326803064
1335,2077,Nigeria,47.958637933110715
1336,2078,Nigeria,47.86204755411252
1337,2079,Nigeria,47.780230868030905
1338,2080,Nigeria,47.71336303040169
1339,2081,Nigeria,47.671898442857824
1340,2082,Nigeria,47.64210881140815
1341,2083,Nigeria,47.61867161820109
1342,2084,Nigeria,47.619014033143145
1343,2085,Nigeria,47.64208044233953
1344,2086,Nigeria,47.67875057285444
1345,2087,Nigeria,47.716638706485924
1346,2088,Nigeria,47.758187630993504
1347,2089,Nigeria,47.81643563496831
1348,2090,Nigeria,47.89553234731551
1349,2091,Nigeria,47.994661563783765
1350,2092,Nigeria,48.109819709339696
1351,2093,Nigeria,48.23880714681227
1352,2094,Nigeria,48.38094444988549
1353,2095,Nigeria,48.532149214666056
1354,2096,Nigeria,48.69151689175166
1355,2097,Nigeria,48.855577234348885
1356,2098,Nigeria,49.02289598759811
1357,2099,Nigeria,49.193826599530645
1358,2100,Nigeria,49.36473178546349
1359,1950,Pakistan,85.06385888292093
1360,1951,Pakistan,83.89569702291664
1361,1952,Pakistan,82.96540031246221
1362,1953,Pakistan,82.20216119270485
1363,1954,Pakistan,81.54979101555318
1364,1955,Pakistan,80.9889111715533
1365,1956,Pakistan,80.52658774253833
1366,1957,Pakistan,80.15425966228132
1367,1958,Pakistan,79.86253850827998
1368,1959,Pakistan,79.69339317524656
1369,1960,Pakistan,79.71746944624462
1370,1961,Pakistan,80.08104369514982
1371,1962,Pakistan,80.73834797279258
1372,1963,Pakistan,81.59878897936319
1373,1964,Pakistan,82.69255653091595
1374,1965,Pakistan,83.96303715083404
1375,1966,Pakistan,85.23485888978438
1376,1967,Pakistan,86.34366588941882
1377,1968,Pakistan,87.26956374867767
1378,1969,Pakistan,87.99590721190522
1379,1970,Pakistan,88.55185559296397
1380,1971,Pakistan,89.00582651314333
1381,1972,Pakistan,89.361145249384
1382,1973,Pakistan,89.58121346132974
1383,1974,Pakistan,89.64736299841438
1384,1975,Pakistan,89.53720364971313
1385,1976,Pakistan,89.27152844385168
1386,1977,Pakistan,88.93400794827643
1387,1978,Pakistan,88.58765767313929
1388,1979,Pakistan,88.0165739109043
1389,1980,Pakistan,86.86322381432711
1390,1981,Pakistan,85.60379620192596
1391,1982,Pakistan,84.9964992543538
1392,1983,Pakistan,85.17361312407135
1393,1984,Pakistan,86.00987816270444
1394,1985,Pakistan,86.74806287071526
1395,1986,Pakistan,87.18604879034496
1396,1987,Pakistan,87.63655624672579
1397,1988,Pakistan,88.12225246626816
1398,1989,Pakistan,88.73654310316519
1399,1990,Pakistan,89.3601331449632
1400,1991,Pakistan,89.92830476927162
1401,1992,Pakistan,91.0541416121352
1402,1993,Pakistan,91.9502898489302
1403,1994,Pakistan,92.09352903443502
1404,1995,Pakistan,91.88184997012492
1405,1996,Pakistan,91.20019441186408
1406,1997,Pakistan,90.31376348538885
1407,1998,Pakistan,89.22814837816905
1408,1999,Pakistan,88.0424282624885
1409,2000,Pakistan,86.50277357319747
1410,2001,Pakistan,84.86640007301875
1411,2002,Pakistan,83.79500931618435
1412,2003,Pakistan,82.91281128706738
1413,2004,Pakistan,81.81032104787433
1414,2005,Pakistan,80.64328967021281
1415,2006,Pakistan,79.46501089594695
1416,2007,Pakistan,78.32194816043555
1417,2008,Pakistan,77.28956389609654
1418,2009,Pakistan,76.29717673693209
1419,2010,Pakistan,75.3526950303513
1420,2011,Pakistan,74.60236716313499
1421,2012,Pakistan,74.1582716903125
1422,2013,Pakistan,73.91779491571539
1423,2014,Pakistan,73.66670544984294
1424,2015,Pakistan,73.4075472760608
1425,2016,Pakistan,73.16397992848535
1426,2017,Pakistan,72.74310135577524
1427,2018,Pakistan,72.13335586492322
1428,2019,Pakistan,71.50674826014878
1429,2020,Pakistan,70.7841519880487
1430,2021,Pakistan,69.95678884494339
1431,2022,Pakistan,69.03096257686354
1432,2023,Pakistan,68.04127796913421
1433,2024,Pakistan,67.07115333505743
1434,2025,Pakistan,66.0885111652129
1435,2026,Pakistan,65.10607937672295
1436,2027,Pakistan,64.14704196178708
1437,2028,Pakistan,63.22533534817409
1438,2029,Pakistan,62.37470303129871
1439,2030,Pakistan,61.62518678578625
1440,2031,Pakistan,60.95215450947623
1441,2032,Pakistan,60.319776420762494
1442,2033,Pakistan,59.713730602081405
1443,2034,Pakistan,59.119232585000134
1444,2035,Pakistan,58.535314569106156
1445,2036,Pakistan,57.98188544574803
1446,2037,Pakistan,57.44674865640984
1447,2038,Pakistan,56.915775602062546
1448,2039,Pakistan,56.395624344288656
1449,2040,Pakistan,55.87703852943674
1450,2041,Pakistan,55.34735581737831
1451,2042,Pakistan,54.81487446405071
1452,2043,Pakistan,54.29902897428632
1453,2044,Pakistan,53.80152699293136
1454,2045,Pakistan,53.320427398553875
1455,2046,Pakistan,52.868757802879685
1456,2047,Pakistan,52.446993934829734
1457,2048,Pakistan,52.04681130128223
1458,2049,Pakistan,51.65900047576436
1459,2050,Pakistan,51.282666709969206
1460,2051,Pakistan,50.933339382873754
1461,2052,Pakistan,50.62939213510702
1462,2053,Pakistan,50.36560183712959
1463,2054,Pakistan,50.13654598705778
1464,2055,Pakistan,49.95025723979135
1465,2056,Pakistan,49.80717049425315
1466,2057,Pakistan,49.69043982821623
1467,2058,Pakistan,49.575212514007795
1468,2059,Pakistan,49.477765881640714
1469,2060,Pakistan,49.41182818800051
1470,2061,Pakistan,49.37103514305633
1471,2062,Pakistan,49.360082879088665
1472,2063,Pakistan,49.39262628384225
1473,2064,Pakistan,49.47056306561402
1474,2065,Pakistan,49.57242652778213
1475,2066,Pakistan,49.690536700277114
1476,2067,Pakistan,49.82783702051946
1477,2068,Pakistan,49.973321684708246
1478,2069,Pakistan,50.11143851528204
1479,2070,Pakistan,50.23379502540571
1480,2071,Pakistan,50.343495617871724
1481,2072,Pakistan,50.46923151726554
1482,2073,Pakistan,50.6134884106467
1483,2074,Pakistan,50.75932992048876
1484,2075,Pakistan,50.91984862855664
1485,2076,Pakistan,51.10078668706222
1486,2077,Pakistan,51.2921702593274
1487,2078,Pakistan,51.471553207176825
1488,2079,Pakistan,51.62856582579226
1489,2080,Pakistan,51.75424195307712
1490,2081,Pakistan,51.85598416847578
1491,2082,Pakistan,51.95971761669605
1492,2083,Pakistan,52.06670191481157
1493,2084,Pakistan,52.1774594126238
1494,2085,Pakistan,52.29775147251701
1495,2086,Pakistan,52.4243941642265
1496,2087,Pakistan,52.5596741358612
1497,2088,Pakistan,52.71433102841815
1498,2089,Pakistan,52.885419576784656
1499,2090,Pakistan,53.06775563975794
1500,2091,Pakistan,53.261131270636376
1501,2092,Pakistan,53.477683459724055
1502,2093,Pakistan,53.71699067741399
1503,2094,Pakistan,53.96374362574515
1504,2095,Pakistan,54.22175189524784
1505,2096,Pakistan,54.496307032595595
1506,2097,Pakistan,54.78160877391113
1507,2098,Pakistan,55.070172412967466
1508,2099,Pakistan,55.367032573138616
1509,2100,Pakistan,55.676085330441616
1510,1950,Republic of Korea,84.0594387911117
1511,1951,Republic of Korea,84.22785565476883
1512,1952,Republic of Korea,83.40988164102869
1513,1953,Republic of Korea,82.00398443495038
1514,1954,Republic of Korea,80.81896080806338
1515,1955,Republic of Korea,80.04187817331334
1516,1956,Republic of Korea,79.61426119522872
1517,1957,Republic of Korea,79.51124508334544
1518,1958,Republic of Korea,80.04664897363611
1519,1959,Republic of Korea,81.2233476815738
1520,1960,Republic of Korea,82.52787263057806
1521,1961,Republic of Korea,83.76353987651365
1522,1962,Republic of Korea,85.06521832565215
1523,1963,Republic of Korea,86.35248018176159
1524,1964,Republic of Korea,87.37189351650674
1525,1965,Republic of Korea,88.12989982620519
1526,1966,Republic of Korea,88.64640310167353
1527,1967,Republic of Korea,88.4001677185265
1528,1968,Republic of Korea,87.56122538087152
1529,1969,Republic of Korea,86.39222888688607
1530,1970,Republic of Korea,84.5769638583794
1531,1971,Republic of Korea,82.65782795044775
1532,1972,Republic of Korea,80.88212108678064
1533,1973,Republic of Korea,78.73017962712275
1534,1974,Republic of Korea,76.19623120571566
1535,1975,Republic of Korea,73.40765748705688
1536,1976,Republic of Korea,70.46157691799563
1537,1977,Republic of Korea,67.67323702174833
1538,1978,Republic of Korea,65.12215970853912
1539,1979,Republic of Korea,62.974090095353304
1540,1980,Republic of Korea,61.20048568980159
1541,1981,Republic of Korea,59.67436194925722
1542,1982,Republic of Korea,58.34927103572768
1543,1983,Republic of Korea,56.85297091378043
1544,1984,Republic of Korea,54.99158500433899
1545,1985,Republic of Korea,52.95631442161235
1546,1986,Republic of Korea,50.93086627445933
1547,1987,Republic of Korea,49.010973456825404
1548,1988,Republic of Korea,47.30701432234411
1549,1989,Republic of Korea,45.81366225847165
1550,1990,Republic of Korea,44.552660444016425
1551,1991,Republic of Korea,43.582869151072344
1552,1992,Republic of Korea,42.81710718175149
1553,1993,Republic of Korea,42.18444432578036
1554,1994,Republic of Korea,41.55185762959093
1555,1995,Republic of Korea,40.767735759871854
1556,1996,Republic of Korea,39.980784136305104
1557,1997,Republic of Korea,39.40037847233995
1558,1998,Republic of Korea,39.03917971371706
1559,1999,Republic of Korea,38.93746169979135
1560,2000,Republic of Korea,39.12830740009444
1561,2001,Republic of Korea,39.382213752144615
1562,2002,Republic of Korea,39.54313332516787
1563,2003,Republic of Korea,39.63995721542118
1564,2004,Republic of Korea,39.65307535946728
1565,2005,Republic of Korea,39.51613281483403
1566,2006,Republic of Korea,39.27953932717039
1567,2007,Republic of Korea,38.98587290485443
1568,2008,Republic of Korea,38.58355370843507
1569,2009,Republic of Korea,38.17252152638774
1570,2010,Republic of Korea,37.82855898859174
1571,2011,Republic of Korea,37.35859983607997
1572,2012,Republic of Korea,36.86715789459752
1573,2013,Republic of Korea,36.600065327677854
1574,2014,Republic of Korea,36.51469853911466
1575,2015,Republic of Korea,36.4794689391548
1576,2016,Republic of Korea,36.488126167737285
1577,2017,Republic of Korea,36.84235225079051
1578,2018,Republic of Korea,37.38702359943133
1579,2019,Republic of Korea,37.967583317138434
1580,2020,Republic of Korea,38.880177889840986
1581,2021,Republic of Korea,39.944538046559856
1582,2022,Republic of Korea,40.96971474258731
1583,2023,Republic of Korea,42.07260968230151
1584,2024,Republic of Korea,43.361965202433325
1585,2025,Republic of Korea,44.91853433404789
1586,2026,Republic of Korea,46.558478625019944
1587,2027,Republic of Korea,48.029725451166186
1588,2028,Republic of Korea,49.39974909300099
1589,2029,Republic of Korea,50.73026853228342
1590,2030,Republic of Korea,52.07889259037899
1591,2031,Republic of Korea,53.52406758560741
1592,2032,Republic of Korea,55.127144313946054
1593,2033,Republic of Korea,57.09797418810712
1594,2034,Republic of Korea,59.3556294609891
1595,2035,Republic of Korea,61.71199370004899
1596,2036,Republic of Korea,64.16750043142638
1597,2037,Republic of Korea,66.58844654210802
1598,2038,Republic of Korea,68.89874335010198
1599,2039,Republic of Korea,71.15138048980899
1600,2040,Republic of Korea,73.15168943844881
1601,2041,Republic of Korea,74.84565894492007
1602,2042,Republic of Korea,76.45736066531816
1603,2043,Republic of Korea,78.05956857703727
1604,2044,Republic of Korea,79.81856884168232
1605,2045,Republic of Korea,81.89955255335697
1606,2046,Republic of Korea,84.07944521912196
1607,2047,Republic of Korea,86.22523102332819
1608,2048,Republic of Korea,88.14929920569695
1609,2049,Republic of Korea,89.64005569480076
1610,2050,Republic of Korea,90.83669264684026
1611,2051,Republic of Korea,91.92472366600609
1612,2052,Republic of Korea,92.96872520287354
1613,2053,Republic of Korea,93.99188480671063
1614,2054,Republic of Korea,95.0737198034411
1615,2055,Republic of Korea,96.31561189462785
1616,2056,Republic of Korea,97.80764797736057
1617,2057,Republic of Korea,99.62618719767346
1618,2058,Republic of Korea,101.63042071241016
1619,2059,Republic of Korea,103.67565968633035
1620,2060,Republic of Korea,105.7697524045627
1621,2061,Republic of Korea,107.88870966570741
1622,2062,Republic of Korea,109.9722300535961
1623,2063,Republic of Korea,111.94373201063303
1624,2064,Republic of Korea,113.80110512468961
1625,2065,Republic of Korea,115.70817602762192
1626,2066,Republic of Korea,117.39977633163787
1627,2067,Republic of Korea,118.40469931143778
1628,2068,Republic of Korea,118.99731194848255
1629,2069,Republic of Korea,119.51174305275343
1630,2070,Republic of Korea,119.8303326747949
1631,2071,Republic of Korea,120.09785402564968
1632,2072,Republic of Korea,120.71799192889854
1633,2073,Republic of Korea,121.5265846525162
1634,2074,Republic of Korea,122.18855996584846
1635,2075,Republic of Korea,122.88593103825308
1636,2076,Republic of Korea,123.85277730400736
1637,2077,Republic of Korea,124.999413496515
1638,2078,Republic of Korea,125.97287377640345
1639,2079,Republic of Korea,126.73311113087864
1640,2080,Republic of Korea,127.5226810755365
1641,2081,Republic of Korea,128.17870497611733
1642,2082,Republic of Korea,128.34689987587214
1643,2083,Republic of Korea,127.96448828364319
1644,2084,Republic of Korea,127.16977597964947
1645,2085,Republic of Korea,126.08652410203116
1646,2086,Republic of Korea,124.88913743182918
1647,2087,Republic of Korea,123.66295937725683
1648,2088,Republic of Korea,122.46139480534426
1649,2089,Republic of Korea,121.34458458982937
1650,2090,Republic of Korea,120.33791232681725
1651,2091,Republic of Korea,119.4707213346869
1652,2092,Republic of Korea,118.73263461618666
1653,2093,Republic of Korea,118.11303789849563
1654,2094,Republic of Korea,117.62429437397854
1655,2095,Republic of Korea,117.24178204946358
1656,2096,Republic of Korea,116.92786893129541
1657,2097,Republic of Korea,116.65790670894273
1658,2098,Republic of Korea,116.42522962573038
1659,2099,Republic of Korea,116.19697946535332
1660,2100,Republic of Korea,115.94038369371802
1661,1950,Russian Federation,52.0886567118483
1662,1951,Russian Federation,51.516489019661506
1663,1952,Russian Federation,50.48137340744911
1664,1953,Russian Federation,49.383337434573384
1665,1954,Russian Federation,48.94064750760757
1666,1955,Russian Federation,49.37698439945849
1667,1956,Russian Federation,50.461103377494574
1668,1957,Russian Federation,52.07378554911999
1669,1958,Russian Federation,53.52266942334792
1670,1959,Russian Federation,55.27259512108037
1671,1960,Russian Federation,57.57627470004666
1672,1961,Russian Federation,58.809746579251964
1673,1962,Russian Federation,58.86139985525557
1674,1963,Russian Federation,58.54893100672376
1675,1964,Russian Federation,57.72275245169687
1676,1965,Russian Federation,56.665792883102604
1677,1966,Russian Federation,55.62462570528783
1678,1967,Russian Federation,54.50673929933289
1679,1968,Russian Federation,53.51017207801504
1680,1969,Russian Federation,52.44150568224308
1681,1970,Russian Federation,51.17853837360919
1682,1971,Russian Federation,50.118360918668415
1683,1972,Russian Federation,49.31219854567608
1684,1973,Russian Federation,48.46750359830454
1685,1974,Russian Federation,47.71826968080552
1686,1975,Russian Federation,47.10316699726504
1687,1976,Russian Federation,46.59739284474054
1688,1977,Russian Federation,46.32545623578622
1689,1978,Russian Federation,46.2543450570162
1690,1979,Russian Federation,46.42878242233275
1691,1980,Russian Federation,46.700421692002784
1692,1981,Russian Federation,46.784291282597636
1693,1982,Russian Federation,46.821164105086346
1694,1983,Russian Federation,47.18263406517848
1695,1984,Russian Federation,47.63633576096349
1696,1985,Russian Federation,47.78016794476642
1697,1986,Russian Federation,47.85995662377845
1698,1987,Russian Federation,48.03630998761876
1699,1988,Russian Federation,48.37015354605922
1700,1989,Russian Federation,48.77836180927822
1701,1990,Russian Federation,49.11577200617644
1702,1991,Russian Federation,49.48708888625483
1703,1992,Russian Federation,49.87943685305265
1704,1993,Russian Federation,50.19130400715173
1705,1994,Russian Federation,50.318864643120754
1706,1995,Russian Federation,50.1684625201275
1707,1996,Russian Federation,49.690227731228134
1708,1997,Russian Federation,48.85882018636467
1709,1998,Russian Federation,47.50525545811053
1710,1999,Russian Federation,45.783091259014356
1711,2000,Russian Federation,44.236471694159334
1712,2001,Russian Federation,42.87197419120233
1713,2002,Russian Federation,41.7137068485501
1714,2003,Russian Federation,41.11686236311971
1715,2004,Russian Federation,40.98370166916492
1716,2005,Russian Federation,40.85333298149398
1717,2006,Russian Federation,40.67898576458049
1718,2007,Russian Federation,40.3502643816683
1719,2008,Russian Federation,39.772028657698215
1720,2009,Russian Federation,39.211670767622806
1721,2010,Russian Federation,38.79547201844571
1722,2011,Russian Federation,38.999397093705454
1723,2012,Russian Federation,39.91609380742139
1724,2013,Russian Federation,41.014988742456666
1725,2014,Russian Federation,42.34799562852709
1726,2015,Russian Federation,43.81562683084702
1727,2016,Russian Federation,45.16628233542463
1728,2017,Russian Federation,46.391495443519595
1729,2018,Russian Federation,47.37732120117497
1730,2019,Russian Federation,48.29717922157932
1731,2020,Russian Federation,49.22374865849109
1732,2021,Russian Federation,49.95432628825941
1733,2022,Russian Federation,50.38086894053523
1734,2023,Russian Federation,50.90595269870081
1735,2024,Russian Federation,51.667400989116764
1736,2025,Russian Federation,52.5126416691691
1737,2026,Russian Federation,53.21117551522323
1738,2027,Russian Federation,53.456034346080614
1739,2028,Russian Federation,53.43197744926065
1740,2029,Russian Federation,53.19081906966077
1741,2030,Russian Federation,52.748057422134075
1742,2031,Russian Federation,52.20122796994461
1743,2032,Russian Federation,51.727866725948246
1744,2033,Russian Federation,51.45517721468622
1745,2034,Russian Federation,51.376880911761525
1746,2035,Russian Federation,51.58944863824151
1747,2036,Russian Federation,51.97557000914854
1748,2037,Russian Federation,52.437223417947756
1749,2038,Russian Federation,52.9777091023093
1750,2039,Russian Federation,53.58783583294766
1751,2040,Russian Federation,54.35296416564962
1752,2041,Russian Federation,55.20698381543818
1753,2042,Russian Federation,56.08290739885115
1754,2043,Russian Federation,57.04437369235348
1755,2044,Russian Federation,58.099979745739624
1756,2045,Russian Federation,59.344916315855045
1757,2046,Russian Federation,60.65887689140611
1758,2047,Russian Federation,61.96974807898976
1759,2048,Russian Federation,63.50810400299323
1760,2049,Russian Federation,65.12240226449897
1761,2050,Russian Federation,66.73721390771576
1762,2051,Russian Federation,68.42196006984804
1763,2052,Russian Federation,70.1277441153025
1764,2053,Russian Federation,71.72246966875016
1765,2054,Russian Federation,73.09024921661769
1766,2055,Russian Federation,74.28267947870206
1767,2056,Russian Federation,75.09813211317335
1768,2057,Russian Federation,75.3798945477979
1769,2058,Russian Federation,75.17799251841768
1770,2059,Russian Federation,74.68025005649909
1771,2060,Russian Federation,74.07918191259914
1772,2061,Russian Federation,73.32734751826605
1773,2062,Russian Federation,72.43295708503229
1774,2063,Russian Federation,71.5418979654295
1775,2064,Russian Federation,70.68502386430488
1776,2065,Russian Federation,69.89409902004539
1777,2066,Russian Federation,69.19813544344665
1778,2067,Russian Federation,68.615965661722
1779,2068,Russian Federation,68.22721815674969
1780,2069,Russian Federation,67.95382799672922
1781,2070,Russian Federation,67.74317690709051
1782,2071,Russian Federation,67.5794876473362
1783,2072,Russian Federation,67.59020948779893
1784,2073,Russian Federation,67.86980454948306
1785,2074,Russian Federation,68.29520681295351
1786,2075,Russian Federation,68.74929918040439
1787,2076,Russian Federation,69.3549504379018
1788,2077,Russian Federation,70.24579782736595
1789,2078,Russian Federation,71.27762828933056
1790,2079,Russian Federation,72.35920440336791
1791,2080,Russian Federation,73.52961906452647
1792,2081,Russian Federation,74.69758757080056
1793,2082,Russian Federation,75.58983902502803
1794,2083,Russian Federation,76.14767488633946
1795,2084,Russian Federation,76.46406031459017
1796,2085,Russian Federation,76.58588959836395
1797,2086,Russian Federation,76.59180651116688
1798,2087,Russian Federation,76.51322983367155
1799,2088,Russian Federation,76.39100330481162
1800,2089,Russian Federation,76.23389674541318
1801,2090,Russian Federation,76.02812000866693
1802,2091,Russian Federation,75.77877285743239
1803,2092,Russian Federation,75.50591622999126
1804,2093,Russian Federation,75.21878456875443
1805,2094,Russian Federation,74.91998227936875
1806,2095,Russian Federation,74.61923904244547
1807,2096,Russian Federation,74.33400824283876
1808,2097,Russian Federation,74.08274387275331
1809,2098,Russian Federation,73.8785748476811
1810,2099,Russian Federation,73.7294702291695
1811,2100,Russian Federation,73.64920420299299
1812,1950,United States of America,54.37266705795585
1813,1951,United States of America,55.60737102329642
1814,1952,United States of America,56.800836269885565
1815,1953,United States of America,58.43888340087352
1816,1954,United States of America,59.96589859916681
1817,1955,United States of America,61.412537574894976
1818,1956,United States of America,62.89041320097778
1819,1957,United States of America,64.11824489382639
1820,1958,United States of America,64.84321851855177
1821,1959,United States of America,65.6883738253246
1822,1960,United States of America,66.79315099514233
1823,1961,United States of America,67.2868076981554
1824,1962,United States of America,67.00720300221096
1825,1963,United States of America,66.7389715910641
1826,1964,United States of America,66.83270233096688
1827,1965,United States of America,67.04156561501922
1828,1966,United States of America,66.20257240645238
1829,1967,United States of America,64.94024108864808
1830,1968,United States of America,63.91969623081869
1831,1969,United States of America,62.666372321692606
1832,1970,United States of America,61.51711469943536
1833,1971,United States of America,60.329740289664244
1834,1972,United States of America,59.00408708554205
1835,1973,United States of America,57.646625700803135
1836,1974,United States of America,56.37740725042131
1837,1975,United States of America,55.17831430383227
1838,1976,United States of America,54.0710381555366
1839,1977,United States of America,53.12504172403788
1840,1978,United States of America,52.2702732706788
1841,1979,United States of America,51.51641504004252
1842,1980,United States of America,50.946062692107795
1843,1981,United States of America,50.622332187291185
1844,1982,United States of America,50.44616082064016
1845,1983,United States of America,50.22483488616222
1846,1984,United States of America,50.09013208990664
1847,1985,United States of America,50.022117855506075
1848,1986,United States of America,49.91190703674623
1849,1987,United States of America,49.965816248653134
1850,1988,United States of America,50.39812068251729
1851,1989,United States of America,50.870016566630596
1852,1990,United States of America,51.151297016177665
1853,1991,United States of America,51.53986245677486
1854,1992,United States of America,51.94994167285591
1855,1993,United States of America,52.17443795136951
1856,1994,United States of America,52.310979851728824
1857,1995,United States of America,52.313951743617
1858,1996,United States of America,52.139178990440435
1859,1997,United States of America,51.88890905620277
1860,1998,United States of America,51.63265135989016
1861,1999,United States of America,51.33556443160939
1862,2000,United States of America,50.92752655015309
1863,2001,United States of America,50.56225929980294
1864,2002,United States of America,50.211935650252784
1865,2003,United States of America,49.85838332860673
1866,2004,United States of America,49.52214170270794
1867,2005,United States of America,49.18934608878371
1868,2006,United States of America,48.90161899988469
1869,2007,United States of America,48.74979154307329
1870,2008,United States of America,48.824070299429884
1871,2009,United States of America,48.94928106459403
1872,2010,United States of America,49.02033506062149
1873,2011,United States of America,49.28494506748828
1874,2012,United States of America,49.760390523147166
1875,2013,United States of America,50.2133876775574
1876,2014,United States of America,50.50938079544595
1877,2015,United States of America,50.65893767701885
1878,2016,United States of America,51.163619613522535
1879,2017,United States of America,51.79623714876684
1880,2018,United States of America,52.22720407672966
1881,2019,United States of America,52.73634987769362
1882,2020,United States of America,53.22089399215423
1883,2021,United States of America,53.6615949030573
1884,2022,United States of America,54.053672806828445
1885,2023,United States of America,54.47057549882592
1886,2024,United States of America,55.01660507911477
1887,2025,United States of America,55.65759667155531
1888,2026,United States of America,56.34090646910172
1889,2027,United States of America,56.96294729070771
1890,2028,United States of America,57.55493600668663
1891,2029,United States of America,58.15187378734997
1892,2030,United States of America,58.66343947087116
1893,2031,United States of America,59.06435571718739
1894,2032,United States of America,59.40354764906216
1895,2033,United States of America,59.79275971391142
1896,2034,United States of America,60.290657584955866
1897,2035,United States of America,60.91856566888497
1898,2036,United States of America,61.545109370876794
1899,2037,United States of America,61.97018582520661
1900,2038,United States of America,62.24019465766717
1901,2039,United States of America,62.47094724896611
1902,2040,United States of America,62.67057340651917
1903,2041,United States of America,62.81893849852431
1904,2042,United States of America,62.95836984158767
1905,2043,United States of America,63.123777608573775
1906,2044,United States of America,63.34138798898955
1907,2045,United States of America,63.606996443449084
1908,2046,United States of America,63.86694592271663
1909,2047,United States of America,64.07849973461853
1910,2048,United States of America,64.24780711087936
1911,2049,United States of America,64.41285670639559
1912,2050,United States of America,64.59907993852903
1913,2051,United States of America,64.79078576183926
1914,2052,United States of America,64.97387340433454
1915,2053,United States of America,65.18458290707225
1916,2054,United States of America,65.46331119963644
1917,2055,United States of America,65.8207834880556
1918,2056,United States of America,66.22217226396968
1919,2057,United States of America,66.61568730039747
1920,2058,United States of America,66.98140465058745
1921,2059,United States of America,67.32337871705907
1922,2060,United States of America,67.65516054450896
1923,2061,United States of America,67.98636621484808
1924,2062,United States of America,68.33395174757803
1925,2063,United States of America,68.73077997552024
1926,2064,United States of America,69.18681543002899
1927,2065,United States of America,69.71559460842354
1928,2066,United States of America,70.29339747208915
1929,2067,United States of America,70.87625770137436
1930,2068,United States of America,71.48914932596726
1931,2069,United States of America,72.12430013786773
1932,2070,United States of America,72.765807159269
1933,2071,United States of America,73.4526788030465
1934,2072,United States of America,74.18305939241041
1935,2073,United States of America,74.88558717314294
1936,2074,United States of America,75.49716116291214
1937,2075,United States of America,76.01062767394224
1938,2076,United States of America,76.44935603798623
1939,2077,United States of America,76.83866228901522
1940,2078,United States of America,77.19156267535418
1941,2079,United States of America,77.52588630163442
1942,2080,United States of America,77.84397642687189
1943,2081,United States of America,78.11862172175181
1944,2082,United States of America,78.32404740961677
1945,2083,United States of America,78.45109271817996
1946,2084,United States of America,78.52509483419034
1947,2085,United States of America,78.5356298596737
1948,2086,United States of America,78.50805402573171
1949,2087,United States of America,78.4982046767711
1950,2088,United States of America,78.50409789372789
1951,2089,United States of America,78.5326467269669
1952,2090,United States of America,78.57943128520562
1953,2091,United States of America,78.64877536350203
1954,2092,United States of America,78.74180409990964
1955,2093,United States of America,78.8545333079828
1956,2094,United States of America,78.99024029567644
1957,2095,United States of America,79.14891494640621
1958,2096,United States of America,79.33414858115763
1959,2097,United States of America,79.53903837082579
1960,2098,United States of America,79.76058907033938
1961,2099,United States of America,79.98813684581683
1962,2100,United States of America,80.21946512749278
