,Time,Country,Young to Working Age Dependency Ratio
0,1950,Afghanistan,73.09251989180177
1,1951,Afghanistan,73.06925973211307
2,1952,Afghanistan,73.08270736095187
3,1953,Afghanistan,73.14513597440914
4,1954,Afghanistan,73.29203634772901
5,1955,Afghanistan,73.52890496438137
6,1956,Afghanistan,73.82785605689193
7,1957,Afghanistan,74.14640850715523
8,1958,Afghanistan,74.45121405326405
9,1959,Afghanistan,74.72192411217094
10,1960,Afghanistan,74.9502129821489
11,1961,Afghanistan,75.14424219361723
12,1962,Afghanistan,75.35238435449266
13,1963,Afghanistan,75.69328738946622
14,1964,Afghanistan,76.21983794767293
15,1965,Afghanistan,77.0095277055021
16,1966,Afghanistan,77.9755596510766
17,1967,Afghanistan,78.93112627179339
18,1968,Afghanistan,79.86815681535957
19,1969,Afghanistan,80.78632429312309
20,1970,Afghanistan,81.67440247427812
21,1971,Afghanistan,82.52537279341439
22,1972,Afghanistan,83.34854123443445
23,1973,Afghanistan,84.1488571954163
24,1974,Afghanistan,84.93594832640005
25,1975,Afghanistan,85.7000752284258
26,1976,Afghanistan,86.43414727545989
27,1977,Afghanistan,87.15462539696577
28,1978,Afghanistan,87.86750808529527
29,1979,Afghanistan,88.57281839262421
30,1980,Afghanistan,89.26317842050915
31,1981,Afghanistan,89.92550038494844
32,1982,Afghanistan,90.55342266894654
33,1983,Afghanistan,91.0750079599754
34,1984,Afghanistan,91.56951377095004
35,1985,Afghanistan,92.07862206908887
36,1986,Afghanistan,92.5691081262359
37,1987,Afghanistan,93.01807668426176
38,1988,Afghanistan,93.45862441010702
39,1989,Afghanistan,93.89849288761825
40,1990,Afghanistan,94.42224796451852
41,1991,Afghanistan,95.07464886077368
42,1992,Afghanistan,95.78754210605616
43,1993,Afghanistan,96.51768424548533
44,1994,Afghanistan,97.39494110334583
45,1995,Afghanistan,98.39981451712626
46,1996,Afghanistan,99.4806540826464
47,1997,Afghanistan,100.59479963177147
48,1998,Afghanistan,101.70052535289696
49,1999,Afghanistan,102.73100479006393
50,2000,Afghanistan,103.58632019665177
51,2001,Afghanistan,104.21479305379324
52,2002,Afghanistan,104.55555293044068
53,2003,Afghanistan,104.64297957808199
54,2004,Afghanistan,104.4802443248614
55,2005,Afghanistan,103.18263606683406
56,2006,Afghanistan,101.57577585869586
57,2007,Afghanistan,103.53444421848315
58,2008,Afghanistan,104.3909942991987
59,2009,Afghanistan,102.01531683850308
60,2010,Afghanistan,100.59868980922855
61,2011,Afghanistan,97.77682665440634
62,2012,Afghanistan,94.53312256645322
63,2013,Afghanistan,92.38804906287866
64,2014,Afghanistan,90.0159029886448
65,2015,Afghanistan,88.39820202603214
66,2016,Afghanistan,87.40577680514492
67,2017,Afghanistan,85.97040482354961
68,2018,Afghanistan,84.53984884809934
69,2019,Afghanistan,83.1124201526518
70,2020,Afghanistan,81.46499731275914
71,2021,Afghanistan,80.16138334739063
72,2022,Afghanistan,79.17505712698943
73,2023,Afghanistan,78.24199851317108
74,2024,Afghanistan,77.43816092921551
75,2025,Afghanistan,76.51593853184869
76,2026,Afghanistan,75.5743268639589
77,2027,Afghanistan,74.52633060980904
78,2028,Afghanistan,73.32219511270453
79,2029,Afghanistan,72.06114587667824
80,2030,Afghanistan,70.7351600477974
81,2031,Afghanistan,69.39703751395186
82,2032,Afghanistan,68.10178653179456
83,2033,Afghanistan,66.80196085509105
84,2034,Afghanistan,65.48532685300593
85,2035,Afghanistan,64.15970789012697
86,2036,Afghanistan,62.806350844940596
87,2037,Afghanistan,61.46939770670454
88,2038,Afghanistan,60.18386583482032
89,2039,Afghanistan,58.948430765484815
90,2040,Afghanistan,57.78144044431471
91,2041,Afghanistan,56.65789153366537
92,2042,Afghanistan,55.57679491620241
93,2043,Afghanistan,54.55093885755685
94,2044,Afghanistan,53.575505696836665
95,2045,Afghanistan,52.643257622615394
96,2046,Afghanistan,51.75629825784503
97,2047,Afghanistan,50.90446779253467
98,2048,Afghanistan,50.082953373916396
99,2049,Afghanistan,49.30082367720369
100,2050,Afghanistan,48.55447319053364
101,2051,Afghanistan,47.83425499940189
102,2052,Afghanistan,47.12477537811169
103,2053,Afghanistan,46.433792555454396
104,2054,Afghanistan,45.76727494172701
105,2055,Afghanistan,45.12470915457823
106,2056,Afghanistan,44.49898431529968
107,2057,Afghanistan,43.88794812301378
108,2058,Afghanistan,43.29497341674219
109,2059,Afghanistan,42.708706848720695
110,2060,Afghanistan,42.13114368784645
111,2061,Afghanistan,41.56278941304479
112,2062,Afghanistan,40.997380364473344
113,2063,Afghanistan,40.444898719637514
114,2064,Afghanistan,39.91400518844726
115,2065,Afghanistan,39.39582187828861
116,2066,Afghanistan,38.88901951919389
117,2067,Afghanistan,38.40730907774063
118,2068,Afghanistan,37.948803055533226
119,2069,Afghanistan,37.49553623017429
120,2070,Afghanistan,37.03443494006232
121,2071,Afghanistan,36.587341692911
122,2072,Afghanistan,36.161501799862314
123,2073,Afghanistan,35.73928006105122
124,2074,Afghanistan,35.33041226135871
125,2075,Afghanistan,34.940015874597215
126,2076,Afghanistan,34.568436598739915
127,2077,Afghanistan,34.23216993535589
128,2078,Afghanistan,33.92138777610267
129,2079,Afghanistan,33.62467062372893
130,2080,Afghanistan,33.35089860498229
131,2081,Afghanistan,33.08782630316505
132,2082,Afghanistan,32.82459004786871
133,2083,Afghanistan,32.56749710573379
134,2084,Afghanistan,32.32993516064719
135,2085,Afghanistan,32.111350668779764
136,2086,Afghanistan,31.90282497122184
137,2087,Afghanistan,31.698252853475612
138,2088,Afghanistan,31.494276048887954
139,2089,Afghanistan,31.295510023991262
140,2090,Afghanistan,31.100397700093012
141,2091,Afghanistan,30.90057632153632
142,2092,Afghanistan,30.700350828404556
143,2093,Afghanistan,30.509985120157186
144,2094,Afghanistan,30.319945522942295
145,2095,Afghanistan,30.132343905195935
146,2096,Afghanistan,29.95594015927503
147,2097,Afghanistan,29.776806945985552
148,2098,Afghanistan,29.59734546813176
149,2099,Afghanistan,29.424968054614308
150,2100,Afghanistan,29.261770463887967
151,1950,Bangladesh,74.8825542842334
152,1951,Bangladesh,74.4870234632761
153,1952,Bangladesh,74.2230818596007
154,1953,Bangladesh,74.12410828293652
155,1954,Bangladesh,74.20887583523375
156,1955,Bangladesh,74.45462007283642
157,1956,Bangladesh,74.81429253127538
158,1957,Bangladesh,75.27789071029719
159,1958,Bangladesh,75.90462180338378
160,1959,Bangladesh,76.58288970102647
161,1960,Bangladesh,77.22504159506039
162,1961,Bangladesh,77.94011544744943
163,1962,Bangladesh,78.78993128239578
164,1963,Bangladesh,79.85523310758728
165,1964,Bangladesh,81.10403655397495
166,1965,Bangladesh,82.1860915163765
167,1966,Bangladesh,83.06098965047947
168,1967,Bangladesh,83.88260371604476
169,1968,Bangladesh,84.62579922648695
170,1969,Bangladesh,85.38926342420694
171,1970,Bangladesh,85.97785045019467
172,1971,Bangladesh,86.81193507359266
173,1972,Bangladesh,87.78728250150417
174,1973,Bangladesh,88.29717209541639
175,1974,Bangladesh,88.58036059595942
176,1975,Bangladesh,88.40319006897275
177,1976,Bangladesh,87.93895305995736
178,1977,Bangladesh,87.61954698601122
179,1978,Bangladesh,87.45508785623345
180,1979,Bangladesh,87.45188691425939
181,1980,Bangladesh,87.57306402500818
182,1981,Bangladesh,87.67632992039358
183,1982,Bangladesh,87.60917353971334
184,1983,Bangladesh,87.28688466138176
185,1984,Bangladesh,86.73303738283683
186,1985,Bangladesh,85.99956101295298
187,1986,Bangladesh,85.07150145617184
188,1987,Bangladesh,83.90332980993618
189,1988,Bangladesh,82.60038185065109
190,1989,Bangladesh,81.31368743009006
191,1990,Bangladesh,80.00054624077896
192,1991,Bangladesh,78.4786687359443
193,1992,Bangladesh,76.81839394675303
194,1993,Bangladesh,75.14876733828034
195,1994,Bangladesh,73.43179323571285
196,1995,Bangladesh,71.66594184301374
197,1996,Bangladesh,69.86178934340762
198,1997,Bangladesh,68.08182354849264
199,1998,Bangladesh,66.39522863696163
200,1999,Bangladesh,64.80274809413984
201,2000,Bangladesh,63.30982627974506
202,2001,Bangladesh,62.04660436752313
203,2002,Bangladesh,60.981534965833205
204,2003,Bangladesh,59.99768570769105
205,2004,Bangladesh,59.01743742239663
206,2005,Bangladesh,58.02951041327154
207,2006,Bangladesh,57.19709611077328
208,2007,Bangladesh,56.44375378330155
209,2008,Bangladesh,55.73343417148752
210,2009,Bangladesh,54.871590787081544
211,2010,Bangladesh,53.69374821560646
212,2011,Bangladesh,52.38234272669935
213,2012,Bangladesh,50.93761830883633
214,2013,Bangladesh,49.42052024635192
215,2014,Bangladesh,47.925873291209356
216,2015,Bangladesh,46.46958279672896
217,2016,Bangladesh,45.031959439474576
218,2017,Bangladesh,43.619876401803644
219,2018,Bangladesh,42.309649068268726
220,2019,Bangladesh,41.13001393966271
221,2020,Bangladesh,40.041901365538514
222,2021,Bangladesh,39.06234660815238
223,2022,Bangladesh,38.19756558858694
224,2023,Bangladesh,37.428815068668555
225,2024,Bangladesh,36.76918810004718
226,2025,Bangladesh,36.21628403178796
227,2026,Bangladesh,35.75316728826362
228,2027,Bangladesh,35.34145622075555
229,2028,Bangladesh,34.932142185176005
230,2029,Bangladesh,34.51878839737662
231,2030,Bangladesh,34.11336075727062
232,2031,Bangladesh,33.702828473020205
233,2032,Bangladesh,33.30590481382528
234,2033,Bangladesh,32.90810040561312
235,2034,Bangladesh,32.47660224163019
236,2035,Bangladesh,32.03456277752273
237,2036,Bangladesh,31.590564474920836
238,2037,Bangladesh,31.153415392146655
239,2038,Bangladesh,30.720936184682103
240,2039,Bangladesh,30.281685100432874
241,2040,Bangladesh,29.84377718042127
242,2041,Bangladesh,29.417783398360527
243,2042,Bangladesh,29.010681790124092
244,2043,Bangladesh,28.630008836888937
245,2044,Bangladesh,28.279334948394325
246,2045,Bangladesh,27.960760749662633
247,2046,Bangladesh,27.67722361707523
248,2047,Bangladesh,27.427374682848754
249,2048,Bangladesh,27.20509520501626
250,2049,Bangladesh,27.00525392926643
251,2050,Bangladesh,26.831962807313214
252,2051,Bangladesh,26.685550364976567
253,2052,Bangladesh,26.567049999044567
254,2053,Bangladesh,26.47090668501878
255,2054,Bangladesh,26.3952981770575
256,2055,Bangladesh,26.34201201332438
257,2056,Bangladesh,26.297661942929974
258,2057,Bangladesh,26.25219372072854
259,2058,Bangladesh,26.20175626238428
260,2059,Bangladesh,26.150964766962126
261,2060,Bangladesh,26.102030920627726
262,2061,Bangladesh,26.048949852904425
263,2062,Bangladesh,25.99885521174977
264,2063,Bangladesh,25.95341724262854
265,2064,Bangladesh,25.905994293070876
266,2065,Bangladesh,25.858319950897712
267,2066,Bangladesh,25.818594796227927
268,2067,Bangladesh,25.7812501565741
269,2068,Bangladesh,25.742827549474335
270,2069,Bangladesh,25.70454419607727
271,2070,Bangladesh,25.655686203989227
272,2071,Bangladesh,25.598497536460307
273,2072,Bangladesh,25.5435215500306
274,2073,Bangladesh,25.490861976685945
275,2074,Bangladesh,25.435547376956563
276,2075,Bangladesh,25.377697328810438
277,2076,Bangladesh,25.316216859121244
278,2077,Bangladesh,25.25356513117047
279,2078,Bangladesh,25.202347329178405
280,2079,Bangladesh,25.164567039120953
281,2080,Bangladesh,25.13840551155421
282,2081,Bangladesh,25.12030440553783
283,2082,Bangladesh,25.10445501525046
284,2083,Bangladesh,25.100016631694043
285,2084,Bangladesh,25.10898572213612
286,2085,Bangladesh,25.12034150449869
287,2086,Bangladesh,25.131616294767294
288,2087,Bangladesh,25.146687376288117
289,2088,Bangladesh,25.16451443727139
290,2089,Bangladesh,25.182561037847474
291,2090,Bangladesh,25.198469656368346
292,2091,Bangladesh,25.208777651778448
293,2092,Bangladesh,25.215433119281126
294,2093,Bangladesh,25.218288317596272
295,2094,Bangladesh,25.222476379831203
296,2095,Bangladesh,25.224422552504077
297,2096,Bangladesh,25.220307048038453
298,2097,Bangladesh,25.213251138854844
299,2098,Bangladesh,25.19981135366019
300,2099,Bangladesh,25.18425580006804
301,2100,Bangladesh,25.170929344805153
302,1950,Brazil,77.22620736113649
303,1951,Brazil,77.69950273598062
304,1952,Brazil,78.19235585686218
305,1953,Brazil,78.67589893250894
306,1954,Brazil,79.15611762096918
307,1955,Brazil,79.68687463286318
308,1956,Brazil,80.25678532285838
309,1957,Brazil,80.84958676774767
310,1958,Brazil,81.46478211708275
311,1959,Brazil,82.10208196164224
312,1960,Brazil,82.7414451080625
313,1961,Brazil,83.30313275886867
314,1962,Brazil,83.69380202146675
315,1963,Brazil,83.83814748630219
316,1964,Brazil,83.63101164746088
317,1965,Brazil,83.15115259656311
318,1966,Brazil,82.5419344104149
319,1967,Brazil,81.78529525660973
320,1968,Brazil,80.87960028316104
321,1969,Brazil,79.85376984241606
322,1970,Brazil,78.74429791250172
323,1971,Brazil,77.57632998149107
324,1972,Brazil,76.35395549808291
325,1973,Brazil,75.08896670893776
326,1974,Brazil,73.77835982155787
327,1975,Brazil,72.44697066863685
328,1976,Brazil,71.13906924687707
329,1977,Brazil,69.86179869073193
330,1978,Brazil,68.63625266841925
331,1979,Brazil,67.4993140809044
332,1980,Brazil,66.482428625678
333,1981,Brazil,65.59664166569867
334,1982,Brazil,64.82687032780913
335,1983,Brazil,64.14097957413553
336,1984,Brazil,63.4806748247174
337,1985,Brazil,62.786616019583455
338,1986,Brazil,62.03812281798851
339,1987,Brazil,61.237251216840036
340,1988,Brazil,60.365237810065686
341,1989,Brazil,59.435542942815566
342,1990,Brazil,58.44510051879733
343,1991,Brazil,57.371975090299735
344,1992,Brazil,56.213395333002126
345,1993,Brazil,54.99071546131942
346,1994,Brazil,53.733437098534175
347,1995,Brazil,52.45644817025325
348,1996,Brazil,51.166804006560184
349,1997,Brazil,49.87301390293851
350,1998,Brazil,48.60222898399517
351,1999,Brazil,47.35755553312787
352,2000,Brazil,46.13825913454957
353,2001,Brazil,44.96027017923295
354,2002,Brazil,43.81615511162226
355,2003,Brazil,42.69897322981438
356,2004,Brazil,41.641437841735346
357,2005,Brazil,40.66333406140195
358,2006,Brazil,39.73905986887351
359,2007,Brazil,38.849430520708154
360,2008,Brazil,37.969992617006845
361,2009,Brazil,37.09334638217104
362,2010,Brazil,36.22435135203024
363,2011,Brazil,35.37080694213538
364,2012,Brazil,34.53760107645415
365,2013,Brazil,33.72009382312028
366,2014,Brazil,32.97324128932272
367,2015,Brazil,32.32620183461105
368,2016,Brazil,31.711878405431214
369,2017,Brazil,31.146517594813904
370,2018,Brazil,30.692081730133935
371,2019,Brazil,30.26809275062198
372,2020,Brazil,29.817427989957878
373,2021,Brazil,29.394929645310818
374,2022,Brazil,29.02037861920292
375,2023,Brazil,28.664115703566484
376,2024,Brazil,28.31717648258151
377,2025,Brazil,27.980880740323023
378,2026,Brazil,27.657223459073236
379,2027,Brazil,27.354072519104932
380,2028,Brazil,27.072795481798423
381,2029,Brazil,26.778506061373015
382,2030,Brazil,26.454498332049837
383,2031,Brazil,26.161956687770072
384,2032,Brazil,25.884885010328347
385,2033,Brazil,25.572275139154616
386,2034,Brazil,25.278795085513178
387,2035,Brazil,25.05200823443476
388,2036,Brazil,24.86981924392048
389,2037,Brazil,24.70684224755083
390,2038,Brazil,24.557270294270435
391,2039,Brazil,24.416102691898477
392,2040,Brazil,24.28534192847772
393,2041,Brazil,24.157994382243036
394,2042,Brazil,24.038769694769076
395,2043,Brazil,23.9341405148815
396,2044,Brazil,23.846589566490927
397,2045,Brazil,23.774252772231435
398,2046,Brazil,23.714259576624812
399,2047,Brazil,23.6704639626444
400,2048,Brazil,23.63833660403765
401,2049,Brazil,23.61042544373908
402,2050,Brazil,23.582137888809427
403,2051,Brazil,23.55286289933775
404,2052,Brazil,23.52680540867277
405,2053,Brazil,23.508414344474225
406,2054,Brazil,23.49097106090438
407,2055,Brazil,23.471063384226156
408,2056,Brazil,23.45187653730966
409,2057,Brazil,23.438301638771947
410,2058,Brazil,23.436435570555865
411,2059,Brazil,23.436217238444296
412,2060,Brazil,23.436682729995123
413,2061,Brazil,23.443642188994517
414,2062,Brazil,23.453268275525826
415,2063,Brazil,23.46496052217618
416,2064,Brazil,23.478108308499024
417,2065,Brazil,23.493626333723213
418,2066,Brazil,23.509301982809447
419,2067,Brazil,23.517592965597835
420,2068,Brazil,23.512323025050545
421,2069,Brazil,23.506379147115062
422,2070,Brazil,23.510526858102416
423,2071,Brazil,23.522792252933453
424,2072,Brazil,23.529497685385465
425,2073,Brazil,23.52047713431162
426,2074,Brazil,23.513768175486565
427,2075,Brazil,23.510015420872783
428,2076,Brazil,23.505818400036517
429,2077,Brazil,23.50093620816745
430,2078,Brazil,23.49151432912374
431,2079,Brazil,23.490086417129447
432,2080,Brazil,23.498673261658677
433,2081,Brazil,23.501127374686977
434,2082,Brazil,23.50135558241194
435,2083,Brazil,23.51850094909432
436,2084,Brazil,23.537308042271672
437,2085,Brazil,23.538311249792745
438,2086,Brazil,23.53088073780833
439,2087,Brazil,23.527211295080246
440,2088,Brazil,23.531625497068696
441,2089,Brazil,23.54043314729181
442,2090,Brazil,23.547404313799795
443,2091,Brazil,23.552225830703293
444,2092,Brazil,23.558438508320037
445,2093,Brazil,23.56648826066074
446,2094,Brazil,23.57257962536357
447,2095,Brazil,23.581753243816657
448,2096,Brazil,23.60043403648307
449,2097,Brazil,23.624957382958566
450,2098,Brazil,23.644203264449025
451,2099,Brazil,23.658101296939492
452,2100,Brazil,23.67144469894491
453,1950,China,57.82863286003983
454,1951,China,59.06028275585644
455,1952,China,60.72909548251649
456,1953,China,62.646708875157366
457,1954,China,64.60379477538262
458,1955,China,66.69747321064479
459,1956,China,68.44943577717196
460,1957,China,70.3804506545124
461,1958,China,72.35687051747142
462,1959,China,73.06576988871471
463,1960,China,72.44761974492187
464,1961,China,71.23868049217249
465,1962,China,71.24114723093169
466,1963,China,73.12447559332463
467,1964,China,74.88404587592616
468,1965,China,75.59424553681212
469,1966,China,75.78842651634268
470,1967,China,75.16189812312875
471,1968,China,74.52778800931436
472,1969,China,74.28902467035803
473,1970,China,73.82203406570895
474,1971,China,73.44301406574792
475,1972,China,72.70074059529104
476,1973,China,71.99640930681288
477,1974,China,72.10807740117964
478,1975,China,72.40842643523825
479,1976,China,72.53815808082899
480,1977,China,71.14006811502442
481,1978,China,67.46533721140543
482,1979,China,63.72390442308934
483,1980,China,60.73039324903776
484,1981,China,58.109136553420136
485,1982,China,56.11682273238083
486,1983,China,53.88794031291185
487,1984,China,51.30691670753833
488,1985,China,49.03816131202326
489,1986,China,47.19564614448941
490,1987,China,45.921039853644814
491,1988,China,44.891119735874774
492,1989,China,44.123985141708424
493,1990,China,43.88424171710351
494,1991,China,43.6667857499785
495,1992,China,43.243847575074604
496,1993,China,42.824042694662765
497,1994,China,42.22603139768165
498,1995,China,41.42445357813174
499,1996,China,40.44134615162282
500,1997,China,39.197313248863495
501,1998,China,38.019020264878314
502,1999,China,36.96336361484112
503,2000,China,35.7921500355808
504,2001,China,34.421247513101186
505,2002,China,32.79687614740606
506,2003,China,31.200672590580393
507,2004,China,29.69545329000713
508,2005,China,28.15215527378602
509,2006,China,26.971552538278658
510,2007,China,26.293812933822792
511,2008,China,25.82958267425249
512,2009,China,25.51828913753404
513,2010,China,25.304887919742107
514,2011,China,25.171964788926942
515,2012,China,25.199756867024586
516,2013,China,25.33061521346343
517,2014,China,25.49907884909888
518,2015,China,25.62929713306775
519,2016,China,25.77049779284505
520,2017,China,26.050884432434806
521,2018,China,26.223740134874348
522,2019,China,26.19400591685208
523,2020,China,25.98154981910022
524,2021,China,25.538474813536173
525,2022,China,24.983894887173772
526,2023,China,24.349609965931656
527,2024,China,23.59331031633131
528,2025,China,22.78297469148836
529,2026,China,21.970372127886208
530,2027,China,21.146155447266832
531,2028,China,20.41199407241804
532,2029,China,19.7179625468973
533,2030,China,19.035064448290047
534,2031,China,18.359730318121912
535,2032,China,17.59755332828896
536,2033,China,17.012232736579495
537,2034,China,16.671422413077195
538,2035,China,16.52755369178462
539,2036,China,16.616079921364072
540,2037,China,16.792612364405556
541,2038,China,16.98783275492061
542,2039,China,17.190667241061874
543,2040,China,17.385392974542977
544,2041,China,17.57866485670462
545,2042,China,17.774172451284706
546,2043,China,17.97165163825722
547,2044,China,18.189823790109024
548,2045,China,18.42966830889619
549,2046,China,18.680648990732625
550,2047,China,18.94898251101487
551,2048,China,19.19036642265915
552,2049,China,19.39138418724992
553,2050,China,19.584659838624006
554,2051,China,19.769977487905187
555,2052,China,19.94863331511789
556,2053,China,20.08264398760065
557,2054,China,20.164554786231914
558,2055,China,20.224714765758595
559,2056,China,20.187052091508743
560,2057,China,20.019405464587237
561,2058,China,19.795009348068888
562,2059,China,19.532021854786088
563,2060,China,19.24591962375907
564,2061,China,18.95845639052728
565,2062,China,18.673500328268386
566,2063,China,18.404532909299395
567,2064,China,18.169342715669284
568,2065,China,17.989589922121844
569,2066,China,17.864887874621306
570,2067,China,17.785892963649204
571,2068,China,17.755597565746488
572,2069,China,17.7824126527003
573,2070,China,17.875623960237295
574,2071,China,18.031571614776475
575,2072,China,18.24676959551807
576,2073,China,18.51162183255233
577,2074,China,18.822840168400564
578,2075,China,19.165670612150663
579,2076,China,19.514029636344002
580,2077,China,19.891941611573085
581,2078,China,20.28315203267136
582,2079,China,20.66307376512378
583,2080,China,21.021118696259357
584,2081,China,21.358773127837726
585,2082,China,21.70313396275804
586,2083,China,21.969211889141445
587,2084,China,22.123435854842402
588,2085,China,22.16910875801956
589,2086,China,22.0930377282283
590,2087,China,21.94795383535673
591,2088,China,21.772067493572127
592,2089,China,21.57171277297788
593,2090,China,21.351715916940872
594,2091,China,21.12361381560696
595,2092,China,20.89632175129035
596,2093,China,20.674004549002177
597,2094,China,20.461806691613997
598,2095,China,20.271336608933158
599,2096,China,20.106854912786396
600,2097,China,19.96930159659557
601,2098,China,19.86859350420557
602,2099,China,19.808586408983885
603,2100,China,19.78225869582161
604,1950,India,64.27874418042609
605,1951,India,64.69962262303743
606,1952,India,65.19408853467982
607,1953,India,65.80833584775965
608,1954,India,66.55782385116439
609,1955,India,67.41400449644746
610,1956,India,68.3294778366067
611,1957,India,69.27368223149301
612,1958,India,70.24564094007756
613,1959,India,71.20090490685926
614,1960,India,72.11631845961286
615,1961,India,73.01520142156683
616,1962,India,73.90393650463601
617,1963,India,74.7673673219462
618,1964,India,75.27230955264197
619,1965,India,75.34190219808636
620,1966,India,75.26230830023655
621,1967,India,75.07864251949243
622,1968,India,74.83484851361318
623,1969,India,74.54181418963438
624,1970,India,74.17478567638611
625,1971,India,73.80173205344673
626,1972,India,73.42577225290174
627,1973,India,73.03899949868918
628,1974,India,72.67931742614829
629,1975,India,72.29683100661143
630,1976,India,71.89391902668868
631,1977,India,71.43782586069666
632,1978,India,70.90636373836679
633,1979,India,70.39253741529936
634,1980,India,69.94232266890586
635,1981,India,69.55793848694584
636,1982,India,69.18385729644521
637,1983,India,68.78282938338333
638,1984,India,68.39437676958012
639,1985,India,68.01292941792305
640,1986,India,67.6231520771426
641,1987,India,67.19336992061723
642,1988,India,66.68554163112735
643,1989,India,66.11795836143398
644,1990,India,65.51317224164887
645,1991,India,64.9003058190604
646,1992,India,64.29927552320194
647,1993,India,63.69380239032994
648,1994,India,63.03830074221646
649,1995,India,62.31391678455008
650,1996,India,61.51824496168926
651,1997,India,60.67481417296765
652,1998,India,59.80422927806662
653,1999,India,58.89262525918466
654,2000,India,57.975248046120576
655,2001,India,57.062971840314056
656,2002,India,56.15051028460868
657,2003,India,55.23273972124437
658,2004,India,54.28907558563372
659,2005,India,53.337787290188764
660,2006,India,52.36097440445484
661,2007,India,51.359057311966815
662,2008,India,50.373361192677315
663,2009,India,49.40810924534265
664,2010,India,48.43802287257806
665,2011,India,47.46379343118233
666,2012,India,46.49355387304024
667,2013,India,45.52494807088077
668,2014,India,44.55034160925864
669,2015,India,43.56649901113997
670,2016,India,42.57419360794729
671,2017,India,41.582265289403466
672,2018,India,40.63664012125769
673,2019,India,39.73175747150107
674,2020,India,38.84876732843119
675,2021,India,38.05008463670107
676,2022,India,37.32645835984941
677,2023,India,36.60329997125194
678,2024,India,35.87805201060014
679,2025,India,35.183922690986925
680,2026,India,34.5293674638267
681,2027,India,33.916287003452524
682,2028,India,33.34715090329786
683,2029,India,32.848721960114894
684,2030,India,32.40648679821402
685,2031,India,31.96834064285636
686,2032,India,31.563643466193913
687,2033,India,31.19572185566819
688,2034,India,30.86306750240108
689,2035,India,30.586204380612635
690,2036,India,30.331677030032207
691,2037,India,30.080420947010932
692,2038,India,29.831949337206947
693,2039,India,29.579124692635745
694,2040,India,29.320234731664097
695,2041,India,29.06465554413515
696,2042,India,28.81223356028889
697,2043,India,28.555361685984586
698,2044,India,28.300024599354977
699,2045,India,28.05077651817605
700,2046,India,27.81103303911396
701,2047,India,27.577811405762514
702,2048,India,27.35412725278856
703,2049,India,27.14266830223765
704,2050,India,26.939632242333207
705,2051,India,26.75105411235083
706,2052,India,26.57462730429566
707,2053,India,26.402774754500356
708,2054,India,26.243802231132396
709,2055,India,26.10199281520592
710,2056,India,25.974741803484292
711,2057,India,25.86350270444337
712,2058,India,25.77050967645629
713,2059,India,25.695470057133935
714,2060,India,25.63411020426632
715,2061,India,25.58589745282011
716,2062,India,25.553429705762937
717,2063,India,25.530837650724347
718,2064,India,25.51669509648635
719,2065,India,25.51472139706866
720,2066,India,25.522286721913893
721,2067,India,25.534497330845916
722,2068,India,25.548093492533614
723,2069,India,25.561759623655973
724,2070,India,25.566520261631027
725,2071,India,25.556437512422736
726,2072,India,25.534880150548606
727,2073,India,25.51119754424397
728,2074,India,25.49062798490742
729,2075,India,25.46711449716258
730,2076,India,25.437045670485283
731,2077,India,25.397724854069835
732,2078,India,25.34718880589242
733,2079,India,25.286020134713915
734,2080,India,25.21998975402203
735,2081,India,25.157467645162107
736,2082,India,25.096411818537685
737,2083,India,25.040519214160383
738,2084,India,24.984113875097268
739,2085,India,24.923014987554527
740,2086,India,24.867753064697453
741,2087,India,24.822191708500483
742,2088,India,24.783693684780708
743,2089,India,24.753917786574462
744,2090,India,24.734501210674743
745,2091,India,24.721270909705577
746,2092,India,24.71294458623928
747,2093,India,24.71188188217357
748,2094,India,24.716305533070297
749,2095,India,24.726281190862174
750,2096,India,24.741084256977828
751,2097,India,24.752360876054762
752,2098,India,24.75508340703513
753,2099,India,24.753770545200638
754,2100,India,24.753395367145377
755,1950,Indonesia,72.43447894129335
756,1951,Indonesia,70.89833908534155
757,1952,Indonesia,69.6003835520612
758,1953,Indonesia,68.59316788238492
759,1954,Indonesia,67.87383676776768
760,1955,Indonesia,67.4074522854133
761,1956,Indonesia,67.1954053957197
762,1957,Indonesia,67.23861048199706
763,1958,Indonesia,67.52893600531455
764,1959,Indonesia,68.04342607769345
765,1960,Indonesia,68.76150854671057
766,1961,Indonesia,69.63036983709287
767,1962,Indonesia,70.64721789473177
768,1963,Indonesia,71.81062407071785
769,1964,Indonesia,73.03732485024979
770,1965,Indonesia,74.35981200915536
771,1966,Indonesia,75.66327222574026
772,1967,Indonesia,76.7363742644868
773,1968,Indonesia,77.50243658350743
774,1969,Indonesia,77.97412545988294
775,1970,Indonesia,78.23610407495156
776,1971,Indonesia,78.29331944423389
777,1972,Indonesia,78.15285370612256
778,1973,Indonesia,77.85299957474177
779,1974,Indonesia,77.38722160838401
780,1975,Indonesia,76.7642897662806
781,1976,Indonesia,76.0219734455436
782,1977,Indonesia,75.1775770048249
783,1978,Indonesia,74.26923229579592
784,1979,Indonesia,73.30888295135252
785,1980,Indonesia,72.28227110457237
786,1981,Indonesia,71.17989845332491
787,1982,Indonesia,70.036885123607
788,1983,Indonesia,68.87673945893499
789,1984,Indonesia,67.67244736592389
790,1985,Indonesia,66.36788364345685
791,1986,Indonesia,64.96095999970792
792,1987,Indonesia,63.53804486149402
793,1988,Indonesia,62.137794481673694
794,1989,Indonesia,60.767328870167404
795,1990,Indonesia,59.395755534824865
796,1991,Indonesia,58.050556901518746
797,1992,Indonesia,56.73881725529108
798,1993,Indonesia,55.42027514912058
799,1994,Indonesia,54.12901393923924
800,1995,Indonesia,52.88745557859923
801,1996,Indonesia,51.71465866440007
802,1997,Indonesia,50.600880791469784
803,1998,Indonesia,49.523112151246366
804,1999,Indonesia,48.481285076622775
805,2000,Indonesia,47.551527906602544
806,2001,Indonesia,46.7774177286069
807,2002,Indonesia,46.074613019445515
808,2003,Indonesia,45.38809742368047
809,2004,Indonesia,44.735244925348965
810,2005,Indonesia,44.17132691587754
811,2006,Indonesia,43.67406786479548
812,2007,Indonesia,43.243731384859586
813,2008,Indonesia,42.8784018824128
814,2009,Indonesia,42.501833969581234
815,2010,Indonesia,42.102855690460764
816,2011,Indonesia,41.714306219777534
817,2012,Indonesia,41.33264612683237
818,2013,Indonesia,40.93328533562822
819,2014,Indonesia,40.5408866916983
820,2015,Indonesia,40.14980480021813
821,2016,Indonesia,39.743639862643384
822,2017,Indonesia,39.33119478739052
823,2018,Indonesia,38.91489575366371
824,2019,Indonesia,38.49501126711621
825,2020,Indonesia,38.06178484275635
826,2021,Indonesia,37.60706444349374
827,2022,Indonesia,37.10309242272416
828,2023,Indonesia,36.54110876081618
829,2024,Indonesia,35.971738152394835
830,2025,Indonesia,35.42207494375464
831,2026,Indonesia,34.84938151754297
832,2027,Indonesia,34.253185362408225
833,2028,Indonesia,33.710258004160224
834,2029,Indonesia,33.23839349186245
835,2030,Indonesia,32.8240020720923
836,2031,Indonesia,32.467802677581794
837,2032,Indonesia,32.16655549407942
838,2033,Indonesia,31.912688969274168
839,2034,Indonesia,31.686359535978102
840,2035,Indonesia,31.48443558312438
841,2036,Indonesia,31.309953415533524
842,2037,Indonesia,31.15800418450568
843,2038,Indonesia,31.02711444199539
844,2039,Indonesia,30.91005187046806
845,2040,Indonesia,30.79748005462042
846,2041,Indonesia,30.690417711777044
847,2042,Indonesia,30.591488856528155
848,2043,Indonesia,30.495472272956746
849,2044,Indonesia,30.393110819170616
850,2045,Indonesia,30.28165302022197
851,2046,Indonesia,30.16511579148432
852,2047,Indonesia,30.045078724575035
853,2048,Indonesia,29.912579266785794
854,2049,Indonesia,29.768975206350166
855,2050,Indonesia,29.606512411714096
856,2051,Indonesia,29.41659462992906
857,2052,Indonesia,29.21656281859324
858,2053,Indonesia,29.011808841774823
859,2054,Indonesia,28.801149619306738
860,2055,Indonesia,28.58752573900783
861,2056,Indonesia,28.379101711451888
862,2057,Indonesia,28.175225581032187
863,2058,Indonesia,27.974008941821687
864,2059,Indonesia,27.7902939542491
865,2060,Indonesia,27.62632340402514
866,2061,Indonesia,27.474544393832286
867,2062,Indonesia,27.338089466511633
868,2063,Indonesia,27.2202771153915
869,2064,Indonesia,27.112240810895944
870,2065,Indonesia,27.01233842933717
871,2066,Indonesia,26.92278463158103
872,2067,Indonesia,26.843666953133503
873,2068,Indonesia,26.77613312390754
874,2069,Indonesia,26.71763163940424
875,2070,Indonesia,26.670209899891105
876,2071,Indonesia,26.636005806845642
877,2072,Indonesia,26.615786042365748
878,2073,Indonesia,26.600557478084124
879,2074,Indonesia,26.58375762325294
880,2075,Indonesia,26.56631870590199
881,2076,Indonesia,26.550979597332834
882,2077,Indonesia,26.53813372533621
883,2078,Indonesia,26.515779984553838
884,2079,Indonesia,26.479261751216644
885,2080,Indonesia,26.435131402340584
886,2081,Indonesia,26.386057006628683
887,2082,Indonesia,26.32457595224644
888,2083,Indonesia,26.252246412707812
889,2084,Indonesia,26.17912296422846
890,2085,Indonesia,26.102239843065078
891,2086,Indonesia,26.016090717590952
892,2087,Indonesia,25.92772931410921
893,2088,Indonesia,25.843356878617733
894,2089,Indonesia,25.76069601611499
895,2090,Indonesia,25.680365932526843
896,2091,Indonesia,25.604841811983707
897,2092,Indonesia,25.536303712910748
898,2093,Indonesia,25.47191585973797
899,2094,Indonesia,25.416091325189765
900,2095,Indonesia,25.367582339459233
901,2096,Indonesia,25.31941363923742
902,2097,Indonesia,25.276452100534623
903,2098,Indonesia,25.242941565805076
904,2099,Indonesia,25.218714482792848
905,2100,Indonesia,25.203044836081155
906,1950,Japan,59.241148950567776
907,1951,Japan,58.25080472418017
908,1952,Japan,57.07484607998657
909,1953,Japan,55.988292490595384
910,1954,Japan,54.97365225594603
911,1955,Japan,53.67549447051611
912,1956,Japan,51.89019526145513
913,1957,Japan,49.92621450647693
914,1958,Japan,48.143887654049465
915,1959,Japan,46.63073782779736
916,1960,Japan,45.581691513618736
917,1961,Japan,44.7248663136476
918,1962,Japan,43.020062226143175
919,1963,Japan,40.64548692900354
920,1964,Japan,38.42099960262125
921,1965,Japan,36.81112185541453
922,1966,Japan,35.55122084059775
923,1967,Japan,34.6597347205762
924,1968,Japan,34.30300021513546
925,1969,Japan,34.078086098959794
926,1970,Japan,33.97182494723972
927,1971,Japan,34.01248580777384
928,1972,Japan,34.276328334927065
929,1973,Japan,34.64034161353826
930,1974,Japan,34.95217271839298
931,1975,Japan,35.16559835777529
932,1976,Japan,35.245827574318376
933,1977,Japan,35.199050491948064
934,1978,Japan,35.01426635479658
935,1979,Japan,34.67514631192804
936,1980,Japan,34.16428219654637
937,1981,Japan,33.85475851344977
938,1982,Japan,33.40496210737221
939,1983,Japan,32.57410913224732
940,1984,Japan,31.7709736713873
941,1985,Japan,30.928963958702372
942,1986,Japan,29.982992169082685
943,1987,Japan,28.93111018274438
944,1988,Japan,27.804229690725574
945,1989,Japan,26.663445835431602
946,1990,Japan,25.634248685775553
947,1991,Japan,24.773533974445563
948,1992,Japan,24.050876967702308
949,1993,Japan,23.41344331662201
950,1994,Japan,22.883107018596988
951,1995,Japan,22.45030697130987
952,1996,Japan,22.112218429418956
953,1997,Japan,21.85524594356812
954,1998,Japan,21.614334939623507
955,1999,Japan,21.380221956547704
956,2000,Japan,21.19128001307276
957,2001,Japan,21.07707354087123
958,2002,Japan,20.981858415915653
959,2003,Japan,20.866685418468727
960,2004,Japan,20.77589973501304
961,2005,Japan,20.752378766214843
962,2006,Japan,20.784118392903338
963,2007,Japan,20.843474712041274
964,2008,Japan,20.911995785689637
965,2009,Japan,20.930147106269654
966,2010,Japan,20.88700407126511
967,2011,Japan,20.834314272858837
968,2012,Japan,20.859895458165656
969,2013,Japan,20.973589278919246
970,2014,Japan,21.084589331738176
971,2015,Japan,21.123062155353864
972,2016,Japan,21.08099058301656
973,2017,Japan,20.97074507161089
974,2018,Japan,20.796946447286615
975,2019,Japan,20.58385858105976
976,2020,Japan,20.36834235730338
977,2021,Japan,20.14746620045566
978,2022,Japan,19.883983747312378
979,2023,Japan,19.617182534427855
980,2024,Japan,19.37256005657988
981,2025,Japan,19.14445430231126
982,2026,Japan,18.94152732796468
983,2027,Japan,18.772481366221115
984,2028,Japan,18.62339060367746
985,2029,Japan,18.509740606660174
986,2030,Japan,18.429398938997497
987,2031,Japan,18.337678344863527
988,2032,Japan,18.34910071180755
989,2033,Japan,18.50111240845343
990,2034,Japan,18.706818900636936
991,2035,Japan,18.947307899507535
992,2036,Japan,19.202153788112014
993,2037,Japan,19.48663263232874
994,2038,Japan,19.797254650990475
995,2039,Japan,20.11282660806261
996,2040,Japan,20.408506562725396
997,2041,Japan,20.674308638956035
998,2042,Japan,20.90524292554779
999,2043,Japan,21.103426314224777
1000,2044,Japan,21.270485852633225
1001,2045,Japan,21.405825697250595
1002,2046,Japan,21.50588889775013
1003,2047,Japan,21.57707595897739
1004,2048,Japan,21.629017436111
1005,2049,Japan,21.660837976054662
1006,2050,Japan,21.672793559025074
1007,2051,Japan,21.66306632605889
1008,2052,Japan,21.63999364956864
1009,2053,Japan,21.608445748852557
1010,2054,Japan,21.552307870034255
1011,2055,Japan,21.470508152391226
1012,2056,Japan,21.38310300172252
1013,2057,Japan,21.29883040063999
1014,2058,Japan,21.222739223883107
1015,2059,Japan,21.165522155897833
1016,2060,Japan,21.120818507215507
1017,2061,Japan,21.092814625434965
1018,2062,Japan,21.09030071600288
1019,2063,Japan,21.108743815980567
1020,2064,Japan,21.143939671597103
1021,2065,Japan,21.199154090740237
1022,2066,Japan,21.273835929585363
1023,2067,Japan,21.35615650148932
1024,2068,Japan,21.448797204458632
1025,2069,Japan,21.556489393228155
1026,2070,Japan,21.675446851839673
1027,2071,Japan,21.804212309655156
1028,2072,Japan,21.94424170846551
1029,2073,Japan,22.08829558671466
1030,2074,Japan,22.234167761044663
1031,2075,Japan,22.37923502395292
1032,2076,Japan,22.508054168654326
1033,2077,Japan,22.620328086307723
1034,2078,Japan,22.725545627709913
1035,2079,Japan,22.818955147748056
1036,2080,Japan,22.900163026348004
1037,2081,Japan,22.966283776807668
1038,2082,Japan,22.995979910916937
1039,2083,Japan,22.98397158935168
1040,2084,Japan,22.94589816015592
1041,2085,Japan,22.894916879390248
1042,2086,Japan,22.835682318947004
1043,2087,Japan,22.76832991261449
1044,2088,Japan,22.702105826825903
1045,2089,Japan,22.63556608326944
1046,2090,Japan,22.569254128960623
1047,2091,Japan,22.511290360973142
1048,2092,Japan,22.457898866964772
1049,2093,Japan,22.412685442116192
1050,2094,Japan,22.381296995052974
1051,2095,Japan,22.36401820437393
1052,2096,Japan,22.35277867511101
1053,2097,Japan,22.35275972299125
1054,2098,Japan,22.37219626853567
1055,2099,Japan,22.400629859729506
1056,2100,Japan,22.436618539624448
1057,1950,Mexico,83.48091774106841
1058,1951,Mexico,84.47855924655123
1059,1952,Mexico,85.5709625872336
1060,1953,Mexico,86.69420240399285
1061,1954,Mexico,87.74577029132712
1062,1955,Mexico,88.68020180763311
1063,1956,Mexico,89.45970363390057
1064,1957,Mexico,90.1301094589883
1065,1958,Mexico,90.78571610148973
1066,1959,Mexico,91.42339382180755
1067,1960,Mexico,92.14764500400355
1068,1961,Mexico,92.89061530479422
1069,1962,Mexico,93.46844270533464
1070,1963,Mexico,93.85828329464174
1071,1964,Mexico,94.17848704410885
1072,1965,Mexico,94.58030010678394
1073,1966,Mexico,94.99611394715669
1074,1967,Mexico,95.3260586766192
1075,1968,Mexico,95.57042386905897
1076,1969,Mexico,95.7483695321536
1077,1970,Mexico,95.83996190491185
1078,1971,Mexico,95.46654399975466
1079,1972,Mexico,94.67862912544736
1080,1973,Mexico,93.864842136056
1081,1974,Mexico,93.01304536138484
1082,1975,Mexico,92.12766655418861
1083,1976,Mexico,91.19371470861556
1084,1977,Mexico,90.16458486523369
1085,1978,Mexico,89.00294911109322
1086,1979,Mexico,87.66889338105658
1087,1980,Mexico,86.14533033741367
1088,1981,Mexico,84.5096676346623
1089,1982,Mexico,82.86854493417084
1090,1983,Mexico,81.21516384645346
1091,1984,Mexico,79.51888060946908
1092,1985,Mexico,77.80293338315357
1093,1986,Mexico,76.02163945452065
1094,1987,Mexico,74.15311129749944
1095,1988,Mexico,72.29592451952917
1096,1989,Mexico,70.4976830128617
1097,1990,Mexico,68.69672009728883
1098,1991,Mexico,66.92698175958795
1099,1992,Mexico,65.33925433193275
1100,1993,Mexico,63.97993432079574
1101,1994,Mexico,62.765611988961076
1102,1995,Mexico,61.64543001625162
1103,1996,Mexico,60.56127765526574
1104,1997,Mexico,59.46541115335408
1105,1998,Mexico,58.400602066162456
1106,1999,Mexico,57.363380469404504
1107,2000,Mexico,56.354318743173415
1108,2001,Mexico,55.39287652643179
1109,2002,Mexico,54.44749123714274
1110,2003,Mexico,53.5162123405666
1111,2004,Mexico,52.55441853030266
1112,2005,Mexico,51.543889141424295
1113,2006,Mexico,50.52773613092606
1114,2007,Mexico,49.53264804437714
1115,2008,Mexico,48.5822414643359
1116,2009,Mexico,47.66190642192419
1117,2010,Mexico,46.73652760225492
1118,2011,Mexico,45.85738009086611
1119,2012,Mexico,44.998062040582326
1120,2013,Mexico,44.09067427836242
1121,2014,Mexico,43.15863823987803
1122,2015,Mexico,42.213738101937075
1123,2016,Mexico,41.30713705239005
1124,2017,Mexico,40.454539924647534
1125,2018,Mexico,39.60679376182588
1126,2019,Mexico,38.77351841832046
1127,2020,Mexico,38.019294386613105
1128,2021,Mexico,37.29178271238783
1129,2022,Mexico,36.485305769131614
1130,2023,Mexico,35.6411614546561
1131,2024,Mexico,34.819707326091795
1132,2025,Mexico,34.023590261522074
1133,2026,Mexico,33.254871289246886
1134,2027,Mexico,32.5166731069325
1135,2028,Mexico,31.8155123505594
1136,2029,Mexico,31.161647825508766
1137,2030,Mexico,30.55630239493854
1138,2031,Mexico,30.01216497580431
1139,2032,Mexico,29.54436251510828
1140,2033,Mexico,29.161364423840215
1141,2034,Mexico,28.861417498757643
1142,2035,Mexico,28.595162579209866
1143,2036,Mexico,28.381621903724717
1144,2037,Mexico,28.22853462493361
1145,2038,Mexico,28.080757952663376
1146,2039,Mexico,27.928835627393685
1147,2040,Mexico,27.77396603263594
1148,2041,Mexico,27.61691652585643
1149,2042,Mexico,27.460134677456367
1150,2043,Mexico,27.297381681555986
1151,2044,Mexico,27.119226313966173
1152,2045,Mexico,26.929696355933704
1153,2046,Mexico,26.730206089700857
1154,2047,Mexico,26.523431079669145
1155,2048,Mexico,26.309548867447894
1156,2049,Mexico,26.086282858270433
1157,2050,Mexico,25.866295762178805
1158,2051,Mexico,25.65230371707099
1159,2052,Mexico,25.441598778654374
1160,2053,Mexico,25.242415930098787
1161,2054,Mexico,25.05733691030297
1162,2055,Mexico,24.88368576868204
1163,2056,Mexico,24.72367233384046
1164,2057,Mexico,24.577411341991834
1165,2058,Mexico,24.449943311601345
1166,2059,Mexico,24.340027732601634
1167,2060,Mexico,24.241545505797713
1168,2061,Mexico,24.15455623510969
1169,2062,Mexico,24.077996979211935
1170,2063,Mexico,24.022453373830345
1171,2064,Mexico,23.98675520873057
1172,2065,Mexico,23.958738920163274
1173,2066,Mexico,23.933853927009782
1174,2067,Mexico,23.91540309623674
1175,2068,Mexico,23.908252676480064
1176,2069,Mexico,23.910580490527998
1177,2070,Mexico,23.919980876799894
1178,2071,Mexico,23.933793137004557
1179,2072,Mexico,23.949844715314075
1180,2073,Mexico,23.963946216764644
1181,2074,Mexico,23.97851742133394
1182,2075,Mexico,23.989773885981418
1183,2076,Mexico,23.998403101170616
1184,2077,Mexico,24.00647021531894
1185,2078,Mexico,24.01040544732115
1186,2079,Mexico,24.01270741867803
1187,2080,Mexico,24.010832452397935
1188,2081,Mexico,24.010947176290358
1189,2082,Mexico,24.002143297165656
1190,2083,Mexico,23.971940141962545
1191,2084,Mexico,23.927128169296545
1192,2085,Mexico,23.876372635497216
1193,2086,Mexico,23.818973650181317
1194,2087,Mexico,23.756329817151308
1195,2088,Mexico,23.701183613304337
1196,2089,Mexico,23.655876095772335
1197,2090,Mexico,23.62288136065292
1198,2091,Mexico,23.59505811069786
1199,2092,Mexico,23.566779203228798
1200,2093,Mexico,23.543648176190928
1201,2094,Mexico,23.523405060168724
1202,2095,Mexico,23.511150292042768
1203,2096,Mexico,23.50721964055269
1204,2097,Mexico,23.514970440623372
1205,2098,Mexico,23.52765887421528
1206,2099,Mexico,23.540908656668638
1207,2100,Mexico,23.559479825354792
1208,1950,Nigeria,75.01584151887619
1209,1951,Nigeria,74.73521196593438
1210,1952,Nigeria,74.45840786190314
1211,1953,Nigeria,74.23388525937675
1212,1954,Nigeria,74.07595501600363
1213,1955,Nigeria,73.96389769360334
1214,1956,Nigeria,73.88818270589248
1215,1957,Nigeria,73.83052029237919
1216,1958,Nigeria,73.80713881995187
1217,1959,Nigeria,73.75890092600575
1218,1960,Nigeria,73.66109588151065
1219,1961,Nigeria,73.59689509948892
1220,1962,Nigeria,73.64249465198262
1221,1963,Nigeria,73.93614783904083
1222,1964,Nigeria,74.54471517315864
1223,1965,Nigeria,75.11352679541993
1224,1966,Nigeria,75.51666316095343
1225,1967,Nigeria,75.94170196188898
1226,1968,Nigeria,76.37353464659353
1227,1969,Nigeria,76.80796074170259
1228,1970,Nigeria,77.21484376120569
1229,1971,Nigeria,77.67307685129728
1230,1972,Nigeria,78.21404728864199
1231,1973,Nigeria,78.78287199730015
1232,1974,Nigeria,79.39993681292356
1233,1975,Nigeria,80.05115824329214
1234,1976,Nigeria,80.72058407049306
1235,1977,Nigeria,81.3637751355253
1236,1978,Nigeria,82.02577276744768
1237,1979,Nigeria,82.71758040295308
1238,1980,Nigeria,83.34577274131203
1239,1981,Nigeria,83.99878159088617
1240,1982,Nigeria,84.7108486509956
1241,1983,Nigeria,85.45253437911305
1242,1984,Nigeria,86.08711772746747
1243,1985,Nigeria,86.52893878591787
1244,1986,Nigeria,86.81396267733246
1245,1987,Nigeria,86.88140716227458
1246,1988,Nigeria,86.74287340410032
1247,1989,Nigeria,86.4425354305065
1248,1990,Nigeria,85.99168002023882
1249,1991,Nigeria,85.493718974003
1250,1992,Nigeria,84.96016620296908
1251,1993,Nigeria,84.33604633118912
1252,1994,Nigeria,83.69265637921417
1253,1995,Nigeria,83.10761938820087
1254,1996,Nigeria,82.58290253756702
1255,1997,Nigeria,82.06814491966274
1256,1998,Nigeria,81.56884046226915
1257,1999,Nigeria,81.20707154733905
1258,2000,Nigeria,81.06944206554849
1259,2001,Nigeria,81.11556069150659
1260,2002,Nigeria,81.30998649045928
1261,2003,Nigeria,81.6129550354964
1262,2004,Nigeria,81.93660303085493
1263,2005,Nigeria,82.29222913185549
1264,2006,Nigeria,82.6992672456471
1265,2007,Nigeria,83.0985196326592
1266,2008,Nigeria,83.48539212558833
1267,2009,Nigeria,83.8344645434771
1268,2010,Nigeria,84.09628183927308
1269,2011,Nigeria,84.27808139697657
1270,2012,Nigeria,84.40250472412349
1271,2013,Nigeria,84.45012211853897
1272,2014,Nigeria,84.36668773127137
1273,2015,Nigeria,84.1503599602764
1274,2016,Nigeria,83.79690768880738
1275,2017,Nigeria,83.27515281909912
1276,2018,Nigeria,82.66635535681993
1277,2019,Nigeria,82.03105437157544
1278,2020,Nigeria,81.31864863147392
1279,2021,Nigeria,80.55861735894881
1280,2022,Nigeria,79.7404397290969
1281,2023,Nigeria,78.82217255407572
1282,2024,Nigeria,77.86665389142578
1283,2025,Nigeria,76.89592394856525
1284,2026,Nigeria,75.90513051449665
1285,2027,Nigeria,74.92189420675281
1286,2028,Nigeria,73.97298349372345
1287,2029,Nigeria,73.06022032599466
1288,2030,Nigeria,72.16942340235929
1289,2031,Nigeria,71.28140765657872
1290,2032,Nigeria,70.38405686902904
1291,2033,Nigeria,69.47536170202854
1292,2034,Nigeria,68.55998054245612
1293,2035,Nigeria,67.62714787365672
1294,2036,Nigeria,66.67142203424339
1295,2037,Nigeria,65.71778675038054
1296,2038,Nigeria,64.77902453215124
1297,2039,Nigeria,63.82947982176349
1298,2040,Nigeria,62.866644940665985
1299,2041,Nigeria,61.907299676333
1300,2042,Nigeria,60.940054477496375
1301,2043,Nigeria,59.968208719374815
1302,2044,Nigeria,58.997905929964475
1303,2045,Nigeria,58.02136897245482
1304,2046,Nigeria,57.0403029566949
1305,2047,Nigeria,56.06910278846994
1306,2048,Nigeria,55.11760812990939
1307,2049,Nigeria,54.17509090954521
1308,2050,Nigeria,53.25761617017047
1309,2051,Nigeria,52.364202270171965
1310,2052,Nigeria,51.472205547687956
1311,2053,Nigeria,50.576877981967485
1312,2054,Nigeria,49.694386372868266
1313,2055,Nigeria,48.84668798896923
1314,2056,Nigeria,48.0279373003208
1315,2057,Nigeria,47.2422105066872
1316,2058,Nigeria,46.48573079078644
1317,2059,Nigeria,45.74228864784512
1318,2060,Nigeria,45.030357057549836
1319,2061,Nigeria,44.365919356032464
1320,2062,Nigeria,43.74187561256076
1321,2063,Nigeria,43.13674231688452
1322,2064,Nigeria,42.55005157860551
1323,2065,Nigeria,41.97728013146667
1324,2066,Nigeria,41.418411942088944
1325,2067,Nigeria,40.89944583339711
1326,2068,Nigeria,40.41582168680122
1327,2069,Nigeria,39.95099233918047
1328,2070,Nigeria,39.49415234410989
1329,2071,Nigeria,39.042167831832856
1330,2072,Nigeria,38.608224277337214
1331,2073,Nigeria,38.19962030667736
1332,2074,Nigeria,37.81181374731258
1333,2075,Nigeria,37.43310602163156
1334,2076,Nigeria,37.050172915139946
1335,2077,Nigeria,36.657441770477874
1336,2078,Nigeria,36.26998983634781
1337,2079,Nigeria,35.89962402885794
1338,2080,Nigeria,35.54582630842774
1339,2081,Nigeria,35.21577815732969
1340,2082,Nigeria,34.89530209425058
1341,2083,Nigeria,34.58012554373103
1342,2084,Nigeria,34.285863474423614
1343,2085,Nigeria,34.01058159094468
1344,2086,Nigeria,33.744461300624856
1345,2087,Nigeria,33.47927242196552
1346,2088,Nigeria,33.21812351643835
1347,2089,Nigeria,32.968042713243925
1348,2090,Nigeria,32.733995689455526
1349,2091,Nigeria,32.517851351903744
1350,2092,Nigeria,32.314546251460946
1351,2093,Nigeria,32.1218221923215
1352,2094,Nigeria,31.938206495145366
1353,2095,Nigeria,31.762204581998194
1354,2096,Nigeria,31.59432729998554
1355,2097,Nigeria,31.4314420667025
1356,2098,Nigeria,31.274064633738398
1357,2099,Nigeria,31.12156256109439
1358,2100,Nigeria,30.973607964884742
1359,1950,Pakistan,74.92538720289123
1360,1951,Pakistan,74.29897371081793
1361,1952,Pakistan,73.84425863047841
1362,1953,Pakistan,73.50394077725699
1363,1954,Pakistan,73.2341463051356
1364,1955,Pakistan,73.02024227766923
1365,1956,Pakistan,72.87161506407833
1366,1957,Pakistan,72.78454105694682
1367,1958,Pakistan,72.7505294692773
1368,1959,Pakistan,72.80960299097099
1369,1960,Pakistan,73.03044149608016
1370,1961,Pakistan,73.55469835260998
1371,1962,Pakistan,74.34127687287177
1372,1963,Pakistan,75.30304232983447
1373,1964,Pakistan,76.46643510774125
1374,1965,Pakistan,77.77685653258114
1375,1966,Pakistan,79.06414940163869
1376,1967,Pakistan,80.1700765048877
1377,1968,Pakistan,81.07931458659394
1378,1969,Pakistan,81.78137749474048
1379,1970,Pakistan,82.30706005169026
1380,1971,Pakistan,82.74497933902644
1381,1972,Pakistan,83.08509740299424
1382,1973,Pakistan,83.27411109879064
1383,1974,Pakistan,83.31039522290212
1384,1975,Pakistan,83.17224836081905
1385,1976,Pakistan,82.88067183906824
1386,1977,Pakistan,82.5185744787949
1387,1978,Pakistan,82.1480891617356
1388,1979,Pakistan,81.5666200021724
1389,1980,Pakistan,80.43857896811684
1390,1981,Pakistan,79.22084585307998
1391,1982,Pakistan,78.63426581233307
1392,1983,Pakistan,78.79825682566455
1393,1984,Pakistan,79.5880226794889
1394,1985,Pakistan,80.28462953589174
1395,1986,Pakistan,80.7001058187829
1396,1987,Pakistan,81.13610574822657
1397,1988,Pakistan,81.61213300441626
1398,1989,Pakistan,82.21201082617596
1399,1990,Pakistan,82.8194577058768
1400,1991,Pakistan,83.37178164312971
1401,1992,Pakistan,84.45270964568536
1402,1993,Pakistan,85.31234449008157
1403,1994,Pakistan,85.45217715996789
1404,1995,Pakistan,85.25202689317207
1405,1996,Pakistan,84.59973189999285
1406,1997,Pakistan,83.74468896096684
1407,1998,Pakistan,82.6935526983511
1408,1999,Pakistan,81.54106797579522
1409,2000,Pakistan,80.04660179503297
1410,2001,Pakistan,78.45686032435822
1411,2002,Pakistan,77.40016241813785
1412,2003,Pakistan,76.51489961243155
1413,2004,Pakistan,75.41010970937933
1414,2005,Pakistan,74.23526232999288
1415,2006,Pakistan,73.0403992837323
1416,2007,Pakistan,71.87324051497495
1417,2008,Pakistan,70.80896902792561
1418,2009,Pakistan,69.78379031959355
1419,2010,Pakistan,68.81091389767278
1420,2011,Pakistan,68.02698365896029
1421,2012,Pakistan,67.53425691674465
1422,2013,Pakistan,67.23802892321828
1423,2014,Pakistan,66.9378382627801
1424,2015,Pakistan,66.63406829009531
1425,2016,Pakistan,66.33497011431969
1426,2017,Pakistan,65.84626894863237
1427,2018,Pakistan,65.16195253938605
1428,2019,Pakistan,64.44828581795437
1429,2020,Pakistan,63.65531550278361
1430,2021,Pakistan,62.782208683581395
1431,2022,Pakistan,61.807088944449006
1432,2023,Pakistan,60.73701451534195
1433,2024,Pakistan,59.660792635994575
1434,2025,Pakistan,58.57259242075303
1435,2026,Pakistan,57.48686480588858
1436,2027,Pakistan,56.42968283544759
1437,2028,Pakistan,55.41707553491999
1438,2029,Pakistan,54.48189939205066
1439,2030,Pakistan,53.653003604150044
1440,2031,Pakistan,52.90666352459033
1441,2032,Pakistan,52.20840102595
1442,2033,Pakistan,51.54444468995235
1443,2034,Pakistan,50.901244416761415
1444,2035,Pakistan,50.274198251624036
1445,2036,Pakistan,49.6772306587948
1446,2037,Pakistan,49.09526308896253
1447,2038,Pakistan,48.51338000902558
1448,2039,Pakistan,47.93907306274014
1449,2040,Pakistan,47.362717850109895
1450,2041,Pakistan,46.77062257784453
1451,2042,Pakistan,46.16931217548078
1452,2043,Pakistan,45.57587302486566
1453,2044,Pakistan,44.990613377135816
1454,2045,Pakistan,44.40785589008107
1455,2046,Pakistan,43.830963629121634
1456,2047,Pakistan,43.25632680270647
1457,2048,Pakistan,42.68231124109558
1458,2049,Pakistan,42.108660688171305
1459,2050,Pakistan,41.53988109620664
1460,2051,Pakistan,40.984944575406246
1461,2052,Pakistan,40.45541924564793
1462,2053,Pakistan,39.94756962628572
1463,2054,Pakistan,39.45800981533833
1464,2055,Pakistan,38.99809509979345
1465,2056,Pakistan,38.57077588291061
1466,2057,Pakistan,38.16124069353143
1467,2058,Pakistan,37.75622458276747
1468,2059,Pakistan,37.36865652654129
1469,2060,Pakistan,37.003399344650646
1470,2061,Pakistan,36.65331761422191
1471,2062,Pakistan,36.320818495371086
1472,2063,Pakistan,36.018083256446644
1473,2064,Pakistan,35.744054638756744
1474,2065,Pakistan,35.483017060195735
1475,2066,Pakistan,35.22564340907474
1476,2067,Pakistan,34.97243964732405
1477,2068,Pakistan,34.727093215595275
1478,2069,Pakistan,34.48444979929803
1479,2070,Pakistan,34.236967659517255
1480,2071,Pakistan,33.98605753516253
1481,2072,Pakistan,33.74146078145358
1482,2073,Pakistan,33.50100506741374
1483,2074,Pakistan,33.25714986469642
1484,2075,Pakistan,33.0173643388015
1485,2076,Pakistan,32.78839099037186
1486,2077,Pakistan,32.565777067737024
1487,2078,Pakistan,32.33600574530237
1488,2079,Pakistan,32.103660259263044
1489,2080,Pakistan,31.86961802528252
1490,2081,Pakistan,31.63377115764651
1491,2082,Pakistan,31.40991544198669
1492,2083,Pakistan,31.19645924906947
1493,2084,Pakistan,30.99009435347625
1494,2085,Pakistan,30.79256022428392
1495,2086,Pakistan,30.603348444500416
1496,2087,Pakistan,30.424304493489856
1497,2088,Pakistan,30.261142796095047
1498,2089,Pakistan,30.111255663559238
1499,2090,Pakistan,29.96893705039213
1500,2091,Pakistan,29.83027269796291
1501,2092,Pakistan,29.702020904492265
1502,2093,Pakistan,29.58537841965966
1503,2094,Pakistan,29.47103771405255
1504,2095,Pakistan,29.361178015626415
1505,2096,Pakistan,29.257493739563067
1506,2097,Pakistan,29.155125557216632
1507,2098,Pakistan,29.04912758020302
1508,2099,Pakistan,28.945148405781918
1509,2100,Pakistan,28.845681809290774
1510,1950,Republic of Korea,79.00995132644681
1511,1951,Republic of Korea,79.2159096726419
1512,1952,Republic of Korea,78.34422091492202
1513,1953,Republic of Korea,76.83600515205794
1514,1954,Republic of Korea,75.52984507428316
1515,1955,Republic of Korea,74.62611453627795
1516,1956,Republic of Korea,74.07628296596904
1517,1957,Republic of Korea,73.86046143096847
1518,1958,Republic of Korea,74.27943876789645
1519,1959,Republic of Korea,75.32531278115849
1520,1960,Republic of Korea,76.49695134431352
1521,1961,Republic of Korea,77.63672272069337
1522,1962,Republic of Korea,78.87673387345431
1523,1963,Republic of Korea,80.12923328854356
1524,1964,Republic of Korea,81.16142485639544
1525,1965,Republic of Korea,81.94177344985675
1526,1966,Republic of Korea,82.39012564290358
1527,1967,Republic of Korea,82.0381619485601
1528,1968,Republic of Korea,81.16224892593954
1529,1969,Republic of Korea,79.99383618617803
1530,1970,Republic of Korea,78.16405633408573
1531,1971,Republic of Korea,76.19858748483458
1532,1972,Republic of Korea,74.39717031132042
1533,1973,Republic of Korea,72.26484030344264
1534,1974,Republic of Korea,69.78123620635021
1535,1975,Republic of Korea,67.07758935576487
1536,1976,Republic of Korea,64.21177140104314
1537,1977,Republic of Korea,61.474853442118295
1538,1978,Republic of Korea,58.96115204271856
1539,1979,Republic of Korea,56.82381088642325
1540,1980,Republic of Korea,55.030557902405896
1541,1981,Republic of Korea,53.423193462915904
1542,1982,Republic of Korea,51.98421732442148
1543,1983,Republic of Korea,50.427822948794486
1544,1984,Republic of Korea,48.54985208390632
1545,1985,Republic of Korea,46.459718709449575
1546,1986,Republic of Korea,44.32974001959564
1547,1987,Republic of Korea,42.30365900842213
1548,1988,Republic of Korea,40.4818421474427
1549,1989,Republic of Korea,38.86015567643462
1550,1990,Republic of Korea,37.47331802502773
1551,1991,Republic of Korea,36.33461576204601
1552,1992,Republic of Korea,35.36006261195896
1553,1993,Republic of Korea,34.50883869398314
1554,1994,Republic of Korea,33.634509887938705
1555,1995,Republic of Korea,32.61155425696923
1556,1996,Republic of Korea,31.579222556137545
1557,1997,Republic of Korea,30.691382296309378
1558,1998,Republic of Korea,29.985349260630596
1559,1999,Republic of Korea,29.48771824109777
1560,2000,Republic of Korea,29.202920955792372
1561,2001,Republic of Korea,28.940453677285095
1562,2002,Republic of Korea,28.56032223392781
1563,2003,Republic of Korea,28.104348220966436
1564,2004,Republic of Korea,27.557800620158705
1565,2005,Republic of Korea,26.880665271531722
1566,2006,Republic of Korea,26.08378889787269
1567,2007,Republic of Korea,25.210923277237963
1568,2008,Republic of Korea,24.307039660188064
1569,2009,Republic of Korea,23.434032571483236
1570,2010,Republic of Korea,22.603891049375115
1571,2011,Republic of Korea,21.704285612959602
1572,2012,Republic of Korea,20.804907918753372
1573,2013,Republic of Korea,20.046859568682727
1574,2014,Republic of Korea,19.401297496081465
1575,2015,Republic of Korea,18.79501063525978
1576,2016,Republic of Korea,18.248367076404275
1577,2017,Republic of Korea,17.857740150058238
1578,2018,Republic of Korea,17.530085887593415
1579,2019,Republic of Korea,17.181811879552974
1580,2020,Republic of Korea,16.896738254519555
1581,2021,Republic of Korea,16.642702275071418
1582,2022,Republic of Korea,16.312510787150185
1583,2023,Republic of Korea,15.961949528422714
1584,2024,Republic of Korea,15.678015974472231
1585,2025,Republic of Korea,15.430127344895569
1586,2026,Republic of Korea,15.151422983511242
1587,2027,Republic of Korea,14.833558468509295
1588,2028,Republic of Korea,14.551252174970116
1589,2029,Republic of Korea,14.319469298116589
1590,2030,Republic of Korea,14.092081680345853
1591,2031,Republic of Korea,13.901702678564973
1592,2032,Republic of Korea,13.815691026251905
1593,2033,Republic of Korea,13.857635210932015
1594,2034,Republic of Korea,13.990830890717424
1595,2035,Republic of Korea,14.175105765886912
1596,2036,Republic of Korea,14.382337714363446
1597,2037,Republic of Korea,14.586402237887642
1598,2038,Republic of Korea,14.771278741974642
1599,2039,Republic of Korea,14.933793672028175
1600,2040,Republic of Korea,15.056407475150557
1601,2041,Republic of Korea,15.13157220232561
1602,2042,Republic of Korea,15.187713353838145
1603,2043,Republic of Korea,15.237184059324543
1604,2044,Republic of Korea,15.288624321572703
1605,2045,Republic of Korea,15.364276740966766
1606,2046,Republic of Korea,15.45150755964766
1607,2047,Republic of Korea,15.537248008114585
1608,2048,Republic of Korea,15.60479286746544
1609,2049,Republic of Korea,15.639444612638787
1610,2050,Republic of Korea,15.65809988736389
1611,2051,Republic of Korea,15.674067111633514
1612,2052,Republic of Korea,15.691445277921781
1613,2053,Republic of Korea,15.707179943458707
1614,2054,Republic of Korea,15.723090143810122
1615,2055,Republic of Korea,15.748301615890167
1616,2056,Republic of Korea,15.790448035555771
1617,2057,Republic of Korea,15.853025065116752
1618,2058,Republic of Korea,15.923386164233358
1619,2059,Republic of Korea,15.995965644248825
1620,2060,Republic of Korea,16.077148267336337
1621,2061,Republic of Korea,16.17242645659634
1622,2062,Republic of Korea,16.283575522960188
1623,2063,Republic of Korea,16.41246088226091
1624,2064,Republic of Korea,16.564227754702713
1625,2065,Republic of Korea,16.75135135560742
1626,2066,Republic of Korea,16.949924415023965
1627,2067,Republic of Korea,17.116504152397727
1628,2068,Republic of Korea,17.276397791242946
1629,2069,Republic of Korea,17.45449073227987
1630,2070,Republic of Korea,17.62928424257862
1631,2071,Republic of Korea,17.806245414674297
1632,2072,Republic of Korea,18.014496424020795
1633,2073,Republic of Korea,18.23928079572864
1634,2074,Republic of Korea,18.452699927193336
1635,2075,Republic of Korea,18.66202934697137
1636,2076,Republic of Korea,18.878753109987066
1637,2077,Republic of Korea,19.09804982947368
1638,2078,Republic of Korea,19.293266016397556
1639,2079,Republic of Korea,19.462655266392602
1640,2080,Republic of Korea,19.626059259109013
1641,2081,Republic of Korea,19.772092951500998
1642,2082,Republic of Korea,19.872637775461747
1643,2083,Republic of Korea,19.91477157838123
1644,2084,Republic of Korea,19.911336874900112
1645,2085,Republic of Korea,19.880047409411546
1646,2086,Republic of Korea,19.83853539171324
1647,2087,Republic of Korea,19.7874437796963
1648,2088,Republic of Korea,19.727078627861097
1649,2089,Republic of Korea,19.667281927428238
1650,2090,Republic of Korea,19.61493790133501
1651,2091,Republic of Korea,19.57363175922062
1652,2092,Republic of Korea,19.547599109386415
1653,2093,Republic of Korea,19.5395190080188
1654,2094,Republic of Korea,19.54962210380257
1655,2095,Republic of Korea,19.583152678559205
1656,2096,Republic of Korea,19.635429076308398
1657,2097,Republic of Korea,19.699202197235813
1658,2098,Republic of Korea,19.78020441297334
1659,2099,Republic of Korea,19.87198278731561
1660,2100,Republic of Korea,19.96814953226149
1661,1950,Russian Federation,44.79051636736073
1662,1951,Russian Federation,44.20730455684709
1663,1952,Russian Federation,43.1575992858546
1664,1953,Russian Federation,42.01220349490134
1665,1954,Russian Federation,41.47749449671941
1666,1955,Russian Federation,41.75929053941502
1667,1956,Russian Federation,42.60061525808786
1668,1957,Russian Federation,43.91248079046681
1669,1958,Russian Federation,44.82555460517344
1670,1959,Russian Federation,46.02414458790303
1671,1960,Russian Federation,47.99927115026338
1672,1961,Russian Federation,48.960199118567736
1673,1962,Russian Federation,48.88216027590676
1674,1963,Russian Federation,48.46309885687102
1675,1964,Russian Federation,47.498263476310285
1676,1965,Russian Federation,46.2364034436389
1677,1966,Russian Federation,44.96488957431095
1678,1967,Russian Federation,43.62200801674266
1679,1968,Russian Federation,42.34689146853202
1680,1969,Russian Federation,41.01014696210634
1681,1970,Russian Federation,39.53023538577845
1682,1971,Russian Federation,38.20385807259626
1683,1972,Russian Federation,37.074554184061945
1684,1973,Russian Federation,35.944186926935814
1685,1974,Russian Federation,34.86934142011053
1686,1975,Russian Federation,33.89904186092529
1687,1976,Russian Federation,33.0416351037916
1688,1977,Russian Federation,32.370211454905814
1689,1978,Russian Federation,31.88745077804011
1690,1979,Russian Federation,31.684653233228843
1691,1980,Russian Federation,31.746614591961414
1692,1981,Russian Federation,31.90467358207345
1693,1982,Russian Federation,32.17561644981548
1694,1983,Russian Federation,32.65654030673332
1695,1984,Russian Federation,33.178056634460866
1696,1985,Russian Federation,33.5323667370069
1697,1986,Russian Federation,33.79803843400626
1698,1987,Russian Federation,34.04050616936395
1699,1988,Russian Federation,34.279254106390525
1700,1989,Russian Federation,34.37538042401338
1701,1990,Russian Federation,34.26762182787814
1702,1991,Russian Federation,34.07805722309607
1703,1992,Russian Federation,33.76642243950093
1704,1993,Russian Federation,33.34697335445955
1705,1994,Russian Federation,32.87881612386534
1706,1995,Russian Federation,32.30260212314213
1707,1996,Russian Federation,31.55957945476547
1708,1997,Russian Federation,30.585250475866093
1709,1998,Russian Federation,29.286871564631667
1710,1999,Russian Federation,27.8243434334894
1711,2000,Russian Federation,26.424742383600947
1712,2001,Russian Federation,25.02061590117733
1713,2002,Russian Federation,23.614840824819915
1714,2003,Russian Federation,22.577671730095396
1715,2004,Russian Federation,21.95084327371984
1716,2005,Russian Federation,21.42179910862008
1717,2006,Russian Federation,21.01210470294148
1718,2007,Russian Federation,20.80026702283964
1719,2008,Russian Federation,20.790709602262254
1720,2009,Russian Federation,20.91797871372944
1721,2010,Russian Federation,21.04221037797763
1722,2011,Russian Federation,21.350814248297606
1723,2012,Russian Federation,21.96511190390431
1724,2013,Russian Federation,22.66690441342247
1725,2014,Russian Federation,23.43062804495174
1726,2015,Russian Federation,24.234410231638936
1727,2016,Russian Federation,24.98510713936148
1728,2017,Russian Federation,25.5806113083501
1729,2018,Russian Federation,25.948136920695518
1730,2019,Russian Federation,26.190520392472997
1731,2020,Russian Federation,26.383456957909353
1732,2021,Russian Federation,26.571318401307654
1733,2022,Russian Federation,26.62380561929917
1734,2023,Russian Federation,26.51867621068911
1735,2024,Russian Federation,26.369242360496465
1736,2025,Russian Federation,26.219690018142778
1737,2026,Russian Federation,25.961180888549002
1738,2027,Russian Federation,25.47385889047213
1739,2028,Russian Federation,24.870800943716063
1740,2029,Russian Federation,24.20978752541653
1741,2030,Russian Federation,23.480998447276914
1742,2031,Russian Federation,22.746711399278205
1743,2032,Russian Federation,22.160394036443424
1744,2033,Russian Federation,21.762110106109567
1745,2034,Russian Federation,21.511093329869183
1746,2035,Russian Federation,21.4071327704761
1747,2036,Russian Federation,21.39544004288143
1748,2037,Russian Federation,21.450044107258236
1749,2038,Russian Federation,21.55714737714613
1750,2039,Russian Federation,21.71187863333656
1751,2040,Russian Federation,21.931746200215706
1752,2041,Russian Federation,22.210083784943315
1753,2042,Russian Federation,22.533428610479373
1754,2043,Russian Federation,22.902886894920115
1755,2044,Russian Federation,23.311703129972518
1756,2045,Russian Federation,23.76377575073196
1757,2046,Russian Federation,24.233252535175822
1758,2047,Russian Federation,24.702745556530996
1759,2048,Russian Federation,25.191937169906797
1760,2049,Russian Federation,25.6634864797712
1761,2050,Russian Federation,26.09958403250977
1762,2051,Russian Federation,26.50176989061586
1763,2052,Russian Federation,26.854958842432495
1764,2053,Russian Federation,27.139298465333518
1765,2054,Russian Federation,27.339127641948828
1766,2055,Russian Federation,27.460194360327417
1767,2056,Russian Federation,27.469004155763454
1768,2057,Russian Federation,27.344493327557746
1769,2058,Russian Federation,27.10202228962287
1770,2059,Russian Federation,26.786572421184896
1771,2060,Russian Federation,26.44294300671633
1772,2061,Russian Federation,26.07325395444584
1773,2062,Russian Federation,25.68573796290517
1774,2063,Russian Federation,25.318642783875976
1775,2064,Russian Federation,24.98977093750039
1776,2065,Russian Federation,24.70217960448201
1777,2066,Russian Federation,24.467403359555853
1778,2067,Russian Federation,24.29491626192137
1779,2068,Russian Federation,24.19719880575812
1780,2069,Russian Federation,24.159457802671753
1781,2070,Russian Federation,24.169359022416813
1782,2071,Russian Federation,24.22513559074957
1783,2072,Russian Federation,24.34203707035786
1784,2073,Russian Federation,24.52612435505971
1785,2074,Russian Federation,24.75099330560273
1786,2075,Russian Federation,24.996571116855968
1787,2076,Russian Federation,25.273225608851646
1788,2077,Russian Federation,25.592368673888384
1789,2078,Russian Federation,25.925671018470297
1790,2079,Russian Federation,26.253918739976754
1791,2080,Russian Federation,26.581861927292895
1792,2081,Russian Federation,26.887734924479762
1793,2082,Russian Federation,27.121018243340128
1794,2083,Russian Federation,27.263941185069385
1795,2084,Russian Federation,27.334773884038892
1796,2085,Russian Federation,27.34719433273928
1797,2086,Russian Federation,27.30747651371102
1798,2087,Russian Federation,27.222919669695045
1799,2088,Russian Federation,27.106207118807905
1800,2089,Russian Federation,26.96470088010312
1801,2090,Russian Federation,26.797053955581383
1802,2091,Russian Federation,26.61092371006574
1803,2092,Russian Federation,26.41980490040193
1804,2093,Russian Federation,26.224888752140092
1805,2094,Russian Federation,26.029857462116713
1806,2095,Russian Federation,25.84190173069343
1807,2096,Russian Federation,25.66927250663079
1808,2097,Russian Federation,25.521978915896288
1809,2098,Russian Federation,25.404087638776996
1810,2099,Russian Federation,25.316392663180583
1811,2100,Russian Federation,25.263508291110035
1812,1950,United States of America,41.75033329463126
1813,1951,United States of America,42.65182079258934
1814,1952,United States of America,43.527178681572785
1815,1953,United States of America,44.815117339905356
1816,1954,United States of America,46.00531015500701
1817,1955,United States of America,47.13786996968965
1818,1956,United States of America,48.31156914385969
1819,1957,United States of America,49.304637802543915
1820,1958,United States of America,49.90700344349933
1821,1959,United States of America,50.56669949341639
1822,1960,United States of America,51.39740920499063
1823,1961,United States of America,51.711546175202336
1824,1962,United States of America,51.34887504692717
1825,1963,United States of America,50.97981765363008
1826,1964,United States of America,50.95260218629352
1827,1965,United States of America,51.0825638268689
1828,1966,United States of America,50.282392399835764
1829,1967,United States of America,49.01820701412361
1830,1968,United States of America,47.99573807878269
1831,1969,United States of America,46.82449866312592
1832,1970,United States of America,45.68318572666113
1833,1971,United States of America,44.49034932231386
1834,1972,United States of America,43.14217077632328
1835,1973,United States of America,41.705710292121246
1836,1974,United States of America,40.32027977540705
1837,1975,United States of America,38.96880990553007
1838,1976,United States of America,37.654839363621164
1839,1977,United States of America,36.48837525881342
1840,1978,United States of America,35.46178383260346
1841,1979,United States of America,34.584477377726806
1842,1980,United States of America,33.9214746567321
1843,1981,United States of America,33.47932548799718
1844,1982,United States of America,33.1748569948854
1845,1983,United States of America,32.87459794930386
1846,1984,United States of America,32.58569269078164
1847,1985,United States of America,32.30231173163396
1848,1986,United States of America,32.04410319892772
1849,1987,United States of America,31.970722495121112
1850,1988,United States of America,32.12355713430279
1851,1989,United States of America,32.350812595763635
1852,1990,United States of America,32.58315191652733
1853,1991,United States of America,32.85968457214579
1854,1992,United States of America,33.112942147245164
1855,1993,United States of America,33.263190404404035
1856,1994,United States of America,33.296509815546706
1857,1995,United States of America,33.20824783082791
1858,1996,United States of America,33.045152705663156
1859,1997,United States of America,32.88152689183801
1860,1998,United States of America,32.736989852959766
1861,1999,United States of America,32.57574948374134
1862,2000,United States of America,32.33683279978077
1863,2001,United States of America,32.04770059610173
1864,2002,United States of America,31.754707462654242
1865,2003,United States of America,31.45886948142438
1866,2004,United States of America,31.123861976097317
1867,2005,United States of America,30.749299917297755
1868,2006,United States of America,30.40495275594191
1869,2007,United States of America,30.144459612258746
1870,2008,United States of America,29.966782931910313
1871,2009,United States of America,29.79997635443953
1872,2010,United States of America,29.605699811446325
1873,2011,United States of America,29.474529626654196
1874,2012,United States of America,29.416284721327564
1875,2013,United States of America,29.34713231950743
1876,2014,United States of America,29.23403188758318
1877,2015,United States of America,29.07289555995262
1878,2016,United States of America,28.984422473922137
1879,2017,United States of America,28.926175244058346
1880,2018,United States of America,28.787719565998334
1881,2019,United States of America,28.6165297103948
1882,2020,United States of America,28.363255246277507
1883,2021,United States of America,28.032538085807783
1884,2022,United States of America,27.66717402377739
1885,2023,United States of America,27.30241497945024
1886,2024,United States of America,27.00824541984485
1887,2025,United States of America,26.792765950085794
1888,2026,United States of America,26.631156732363593
1889,2027,United States of America,26.48565252552081
1890,2028,United States of America,26.352411785854173
1891,2029,United States of America,26.22601151694684
1892,2030,United States of America,26.090800358447453
1893,2031,United States of America,25.96395094743776
1894,2032,United States of America,25.86990451550687
1895,2033,United States of America,25.834626264077155
1896,2034,United States of America,25.856155236816896
1897,2035,United States of America,25.943110251618695
1898,2036,United States of America,26.052758028439772
1899,2037,United States of America,26.119803066785742
1900,2038,United States of America,26.15582846020295
1901,2039,United States of America,26.179447178319297
1902,2040,United States of America,26.19008808327856
1903,2041,United States of America,26.182679353229165
1904,2042,United States of America,26.16802932939774
1905,2043,United States of America,26.146628807648785
1906,2044,United States of America,26.1230753680705
1907,2045,United States of America,26.096343193573134
1908,2046,United States of America,26.055138482978236
1909,2047,United States of America,25.993412847377574
1910,2048,United States of America,25.90735724795867
1911,2049,United States of America,25.809669988638472
1912,2050,United States of America,25.70740583531271
1913,2051,United States of America,25.59419485108487
1914,2052,United States of America,25.47417731933223
1915,2053,United States of America,25.358853241304452
1916,2054,United States of America,25.256256375033498
1917,2055,United States of America,25.17212360354725
1918,2056,United States of America,25.10113248663825
1919,2057,United States of America,25.03134070256763
1920,2058,United States of America,24.964953023417564
1921,2059,United States of America,24.904052469338474
1922,2060,United States of America,24.852451883581335
1923,2061,United States of America,24.813466206745645
1924,2062,United States of America,24.790285697774443
1925,2063,United States of America,24.79248049566809
1926,2064,United States of America,24.816214619916376
1927,2065,United States of America,24.86188838171355
1928,2066,United States of America,24.92815187119973
1929,2067,United States of America,25.00372881354051
1930,2068,United States of America,25.091067950794194
1931,2069,United States of America,25.18077238506531
1932,2070,United States of America,25.267141771325687
1933,2071,United States of America,25.36348022555044
1934,2072,United States of America,25.46738965674305
1935,2073,United States of America,25.563496532417346
1936,2074,United States of America,25.640225038923205
1937,2075,United States of America,25.69770957149219
1938,2076,United States of America,25.738584386912926
1939,2077,United States of America,25.76361279407641
1940,2078,United States of America,25.773868995388632
1941,2079,United States of America,25.772853074104574
1942,2080,United States of America,25.76262440707672
1943,2081,United States of America,25.74071384756216
1944,2082,United States of America,25.704024305605657
1945,2083,United States of America,25.652359939401563
1946,2084,United States of America,25.597014547992263
1947,2085,United States of America,25.537027871317715
1948,2086,United States of America,25.468162583979364
1949,2087,United States of America,25.40015576849165
1950,2088,United States of America,25.33887929184137
1951,2089,United States of America,25.28871219696321
1952,2090,United States of America,25.246700136832494
1953,2091,United States of America,25.214030051648727
1954,2092,United States of America,25.19214973920369
1955,2093,United States of America,25.17723888965912
1956,2094,United States of America,25.171776287928527
1957,2095,United States of America,25.17855783092648
1958,2096,United States of America,25.199251671533162
1959,2097,United States of America,25.225765238333647
1960,2098,United States of America,25.253910964881943
1961,2099,United States of America,25.280993424633213
1962,2100,United States of America,25.307610328889524
